customer_id,pan_number,aadhaar_number,pan_verified,aadhaar_verified,address_verified,kyc_status,verification_date
CUST00005001,FPMXD2813Y,845803780392,False,True,True,Pending,
CUST00005002,KIBSG5085X,916630046463,False,True,True,Pending,
CUST00005003,RPHAA8608I,762423098376,True,True,False,Pending,
CUST00005004,LZSIO1637Z,394282880845,False,False,False,Pending,
CUST00005005,ZGUMO7601P,418231349608,False,False,False,Pending,
CUST00005006,VGWME3811R,680736846458,True,True,True,Pending,
CUST00005007,MZWFS3303Q,848669231919,True,False,False,Pending,
CUST00005008,TJUCL8161V,989807707463,False,False,False,Pending,
CUST00005009,WZNSZ3939K,410412235758,False,False,True,Pending,
CUST00005010,BETNK4279O,255897962377,False,False,False,Pending,
CUST00005011,PGIBW1620Z,369862396909,True,True,True,Verified,1998-01-27
CUST00005012,SLVOP2905U,314456322304,True,False,True,Pending,
CUST00005013,LRXEW4894X,619617328962,True,True,True,Pending,
CUST00005014,CBAES9033O,513971981952,False,False,False,Pending,
CUST00005015,CWXBC2834C,944472291415,False,True,True,Pending,
CUST00005016,TDYGE7533T,831472927305,True,True,False,Pending,
CUST00005017,BTVGR1599R,310551590791,True,True,True,Verified,2010-05-30
CUST00005018,XZBEH2731Q,515616662746,True,True,True,Pending,
CUST00005019,IPUMN5414Y,644618982550,True,True,True,Verified,2023-07-11
CUST00005020,ANWRT1262F,151783421390,True,False,False,Pending,
CUST00005021,CUEKQ9665P,690895430065,False,False,False,Pending,
CUST00005022,BHJWB5633H,326787324366,False,True,False,Pending,
CUST00005023,PCPXD3720U,435053507338,False,True,True,Pending,
CUST00005024,HQMSQ7293D,967679016035,True,False,False,Pending,
CUST00005025,PCMCO8513D,268479192431,False,True,False,Pending,
CUST00005026,MNVVJ7742K,872227563737,False,False,False,Pending,
CUST00005027,ZSMSP5589C,727461087727,True,False,True,Pending,
CUST00005028,YHQJF5938V,723116804729,False,True,False,Pending,
CUST00005029,SXHOO8545Z,088664656376,True,False,True,Pending,
CUST00005030,EJJWZ1395R,051431206419,False,True,True,Pending,
CUST00005031,QXFSR2419M,240713325224,False,False,True,Pending,
CUST00005032,UHRBD4175Z,873928929515,False,True,False,Pending,
CUST00005033,MFYWC4051K,802211376754,False,False,True,Pending,
CUST00005034,PWJWE8580Z,176235785033,False,True,False,Pending,
CUST00005035,JOCZW2064B,838186789257,False,False,False,Rejected,2026-07-30
CUST00005036,FQNDF9110O,635348107790,False,True,True,Pending,
CUST00005037,CRTLK1278P,386770787866,True,False,True,Pending,
CUST00005038,MWAAF6772C,480358831615,True,True,True,Verified,2019-10-07
CUST00005039,OJTVW3952Z,296453518549,False,False,False,Pending,
CUST00005040,FJTPR7093D,951319403558,True,True,False,Pending,
CUST00005041,IZNAC9682D,345407866600,True,True,False,Pending,
CUST00005042,ZNWTG1232F,952350994586,True,False,False,Pending,
CUST00005043,SWROL6259R,436574130411,True,False,False,Pending,
CUST00005044,GOQPB6305B,979274209781,True,False,True,Pending,
CUST00005045,AJXVE3659D,043725632004,False,True,False,Pending,
CUST00005046,GDEZM4245Q,331336096526,False,False,False,Rejected,2021-07-18
CUST00005047,JGZUC3958K,942078361030,True,True,False,Pending,
CUST00005048,VWQZE4309X,693093987240,False,True,True,Pending,
CUST00005049,QIUNG8664M,219194242586,True,True,True,Verified,2020-11-28
CUST00005050,YICBW4200J,844155507678,False,False,False,Pending,
CUST00005051,BQUQP6403E,619884329548,True,True,True,Pending,
CUST00005052,SVYKF1049I,996245423838,True,True,False,Pending,
CUST00005053,XIBDI8052P,299232526807,True,True,True,Verified,2024-10-30
CUST00005054,KUXQA8366T,787451679126,False,False,False,Pending,
CUST00005055,PFEFS8191I,826939305558,False,False,False,Pending,
CUST00005056,ZHPCI7787E,682639016453,True,True,False,Pending,
CUST00005057,NEODI4584K,409716474282,False,True,True,Pending,
CUST00005058,ZHYFU4432S,079175822008,True,True,True,Pending,
CUST00005059,YLEXX3392J,973521410255,False,False,False,Pending,
CUST00005060,LOZUK1746I,650364472559,False,False,True,Pending,
CUST00005061,EGIZV2659C,966705257179,False,False,True,Pending,
CUST00005062,TXJQQ6183H,200378703251,False,True,True,Pending,
CUST00005063,EDLOO6129Z,592538753499,True,True,True,Pending,
CUST00005064,UGPNH9476U,449082553642,True,False,False,Pending,
CUST00005065,IJTWX3153Q,715342468189,False,False,False,Pending,
CUST00005066,OLHQP5252S,202109106983,False,True,True,Pending,
CUST00005067,LLCSO8997D,632708300494,False,False,True,Pending,
CUST00005068,CDQXZ2487I,893230273228,True,True,True,Pending,
CUST00005069,RGQFT4927L,063729461348,True,False,False,Pending,
CUST00005070,KWMMC8355V,700680342205,True,True,True,Verified,2017-08-30
CUST00005071,MNBFC2417T,764715636164,True,False,False,Pending,
CUST00005072,YUBYG2470Q,221465057460,False,True,True,Pending,
CUST00005073,IGAYN6988F,740126375198,False,True,True,Pending,
CUST00005074,EXKLA2453V,868955748294,True,False,False,Pending,
CUST00005075,GABJS4397P,565769145727,False,False,True,Pending,
CUST00005076,CTFAR8546G,467823217200,False,False,False,Pending,
CUST00005077,JIJWV3217W,373554894373,True,True,True,Verified,2025-12-14
CUST00005078,XPHTL4261Y,743118977128,False,False,False,Pending,
CUST00005079,QQSCK1843M,461782055445,True,False,False,Pending,
CUST00005080,ZCYWL3679A,200550043584,True,False,True,Pending,
CUST00005081,IARMQ2804L,940450642250,True,True,False,Pending,
CUST00005082,THPOZ1846W,905752090342,True,False,True,Pending,
CUST00005083,DFCDF5849V,707229439663,False,True,False,Pending,
CUST00005084,EAZFD5925Y,470936358582,True,True,False,Pending,
CUST00005085,JGHLI6741A,300084332780,False,False,False,Pending,
CUST00005086,CYAJG9709G,201334168346,False,False,False,Pending,
CUST00005087,ALPGY4314R,994657488525,False,False,True,Pending,
CUST00005088,CADZB3912J,684661640940,False,True,True,Pending,
CUST00005089,EREPM4400K,083609990268,False,False,True,Pending,
CUST00005090,TLXGB2391T,309319138291,False,True,True,Pending,
CUST00005091,BQMBJ9104Y,326529095772,False,False,False,Pending,
CUST00005092,XNKJG3847G,711241335049,True,True,True,Verified,2004-03-08
CUST00005093,ZNAKH8796Q,757415675788,True,False,True,Pending,
CUST00005094,RTRSZ2980F,343759336003,True,True,False,Pending,
CUST00005095,HPSWG4696A,851587993513,False,True,True,Pending,
CUST00005096,AKEPG7577L,035622833263,False,True,True,Pending,
CUST00005097,UKMCO8774V,802915147945,False,True,True,Pending,
CUST00005098,ZGACJ8595E,310980849337,True,True,False,Pending,
CUST00005099,EVTRC4910F,398832671795,False,False,True,Pending,
CUST00005100,LFNJR5872F,433327997477,True,True,True,Verified,2025-08-23
CUST00005101,LDCTM7823A,785630411942,False,True,True,Pending,
CUST00005102,ICAMD4575L,131666694837,True,False,True,Pending,
CUST00005103,FGIQJ9908E,483984720810,False,True,False,Pending,
CUST00005104,ANJDI6224K,496948498633,False,False,False,Rejected,2020-03-20
CUST00005105,QUUWK4776A,153981888842,False,True,True,Pending,
CUST00005106,QSLUQ2551D,207972156906,False,True,True,Pending,
CUST00005107,YRZQT6202J,363555386331,False,True,False,Pending,
CUST00005108,AWCWA7333H,611593491907,True,True,False,Pending,
CUST00005109,JOBUX7229H,224356214541,True,True,True,Pending,
CUST00005110,GILPM4805Q,340174409832,False,False,False,Pending,
CUST00005111,WVLLB4217B,760748152984,False,True,True,Pending,
CUST00005112,TQKUH4141X,603852806278,False,False,False,Rejected,2017-11-21
CUST00005113,RYYEO9925Z,798996865005,True,True,True,Pending,
CUST00005114,DYOZX4145G,887082407258,False,False,True,Pending,
CUST00005115,ELPRL7136A,081778161438,False,False,False,Rejected,2016-08-16
CUST00005116,GMZGL8096A,087088678311,False,False,False,Pending,
CUST00005117,BVTKI2189L,281131457853,True,False,False,Pending,
CUST00005118,DRUBF7987Y,927873157904,False,False,True,Pending,
CUST00005119,KOBMW4524J,928258134159,True,False,False,Pending,
CUST00005120,PWOEN7746I,154963523615,True,False,False,Pending,
CUST00005121,VXNKD3298O,070843098999,True,False,False,Pending,
CUST00005122,AAOWR5762B,069728583540,False,True,False,Pending,
CUST00005123,CJHYO1732P,031669017772,True,True,True,Pending,
CUST00005124,VGYHV5560N,840704419859,True,True,True,Pending,
CUST00005125,JUJWI3618J,789795354226,False,True,True,Pending,
CUST00005126,COXXM8312D,778520710332,True,True,False,Pending,
CUST00005127,KIYHX4575P,301342269338,True,True,True,Verified,2019-08-16
CUST00005128,ELIVJ3593D,811540997374,False,True,False,Pending,
CUST00005129,YJOSX3903R,176108899235,False,False,False,Pending,
CUST00005130,WBBZL7223O,348147031512,True,True,False,Pending,
CUST00005131,BCYNC7925X,895072904186,False,True,False,Pending,
CUST00005132,QHROX1993U,956319268567,True,True,True,Verified,2024-06-03
CUST00005133,YDDGH2948J,112907481446,True,True,False,Pending,
CUST00005134,XCBOT6666B,925801672866,True,True,False,Pending,
CUST00005135,IAMOS5501C,991469497702,True,True,True,Verified,2007-09-03
CUST00005136,BZFRX3943G,446090925451,False,True,True,Pending,
CUST00005137,WZFVC3804W,327465793983,True,False,False,Pending,
CUST00005138,MDAYF5780G,730658320803,False,True,False,Pending,
CUST00005139,OHEON6495I,341292108866,True,True,True,Pending,
CUST00005140,DRUUR7071H,420703992931,True,False,False,Pending,
CUST00005141,SFEIV1783B,147439561118,False,True,True,Pending,
CUST00005142,PETJR8277E,127821688647,False,False,False,Pending,
CUST00005143,ZZRSD5440M,404492371738,True,False,False,Pending,
CUST00005144,XVDLB7011L,647522693869,True,True,True,Pending,
CUST00005145,UBZPN7681I,291061600117,True,False,True,Pending,
CUST00005146,LRAVB2322K,578543505005,True,False,False,Pending,
CUST00005147,YWKTT1262P,283514693172,True,False,True,Pending,
CUST00005148,PDBYV4151G,529435848348,True,True,True,Pending,
CUST00005149,CWYKG8345N,379862832493,False,False,True,Pending,
CUST00005150,FPZXE2290U,011129284837,True,False,False,Pending,
CUST00005151,CNBND5029M,491467867932,True,True,False,Pending,
CUST00005152,VWEVP8054N,992445754648,False,False,False,Pending,
CUST00005153,MXUVT6959R,865035211415,True,True,True,Pending,
CUST00005154,KVXMQ3061J,261050601905,True,False,True,Pending,
CUST00005155,ISFWE9933M,385932507441,True,False,True,Pending,
CUST00005156,DTUVF2530Q,939909899778,False,True,False,Pending,
CUST00005157,FVINM3562K,386942645488,False,False,False,Pending,
CUST00005158,EGBQO5218O,058646223058,False,True,True,Pending,
CUST00005159,BYZOR5535F,708146613256,False,True,False,Pending,
CUST00005160,WXDIH1250H,385897322834,True,True,False,Pending,
CUST00005161,GCGAP1497W,990111739999,False,False,False,Pending,
CUST00005162,ZYQOB5002Z,462442991100,False,False,False,Pending,
CUST00005163,JWCZG9070V,939574932381,False,True,True,Pending,
CUST00005164,YXFFF3728Z,890510977411,False,False,True,Pending,
CUST00005165,HRJTU6180Q,594340876519,True,False,True,Pending,
CUST00005166,QVUVG9040G,140000191451,False,False,True,Pending,
CUST00005167,BALJV4450Q,696450378645,False,False,False,Pending,
CUST00005168,TYKUA9008K,272633472372,False,False,False,Pending,
CUST00005169,QLYYM4290Q,536311714746,False,True,True,Pending,
CUST00005170,MJXZW1435F,257242203618,True,True,False,Pending,
CUST00005171,PMXDB5014Y,543522180925,True,True,True,Pending,
CUST00005172,QQMNK9054Q,814674060282,False,True,True,Pending,
CUST00005173,PTWLK1003V,534112044870,False,False,False,Rejected,2025-10-19
CUST00005174,RAQCS7994E,428785254111,True,True,True,Pending,
CUST00005175,FYXYF9424P,029768572149,False,False,False,Pending,
CUST00005176,HLFPZ6755S,693100126059,True,True,True,Pending,
CUST00005177,KBHRY9335C,599735879352,True,True,True,Verified,2009-01-28
CUST00005178,JSELS7005K,543526745821,False,True,True,Pending,
CUST00005179,VUBWC3489R,609081612997,False,False,False,Rejected,2019-07-14
CUST00005180,GDIAK9102Y,464666880187,True,False,False,Pending,
CUST00005181,BVYBR6321D,849595376575,True,False,False,Pending,
CUST00005182,ZRYAF3087P,796496659064,False,False,False,Pending,
CUST00005183,TKFWO6089R,565500424630,True,True,True,Pending,
CUST00005184,TMGZP1827V,652109420027,True,False,True,Pending,
CUST00005185,SIIGW4257B,024740657582,True,False,False,Pending,
CUST00005186,DKCKY1167P,365498675880,True,False,False,Pending,
CUST00005187,HVFJG4401D,178109562734,False,False,True,Pending,
CUST00005188,LGEFB9700Y,662154201411,False,True,True,Pending,
CUST00005189,FHVNF7964F,008132572709,True,False,True,Pending,
CUST00005190,IEXQC1007V,772853773462,True,True,True,Verified,2026-03-03
CUST00005191,SEBSS8622F,944542707594,True,True,False,Pending,
CUST00005192,PJTZF8897F,006573965406,True,True,True,Verified,2023-10-28
CUST00005193,AORUF1653B,201135010728,False,True,True,Pending,
CUST00005194,VZSDP4531U,072823117214,True,False,True,Pending,
CUST00005195,UQXEL1549C,568981302381,False,False,True,Pending,
CUST00005196,EDFIF7270C,907017017634,False,True,True,Pending,
CUST00005197,QJWKC5411L,710776058568,True,False,False,Pending,
CUST00005198,YCZPT9690D,950220233167,False,True,True,Pending,
CUST00005199,YPXHU4458M,146950183981,True,True,True,Verified,2022-07-20
CUST00005200,HVIQA8502G,072578752266,False,False,False,Pending,
CUST00005201,SQBZB5409R,786133273932,False,True,False,Pending,
CUST00005202,GLHGL3578W,344051180889,True,True,True,Pending,
CUST00005203,BMMNU2298Z,761320340083,False,False,False,Pending,
CUST00005204,RIITY2266Q,743424893202,False,False,True,Pending,
CUST00005205,FIXPR2664L,845388525069,False,False,False,Pending,
CUST00005206,SBSEJ8935Y,058679447286,True,True,True,Pending,
CUST00005207,SRYKS7719Y,133383564944,True,False,False,Pending,
CUST00005208,WPSRZ2876V,688187386737,True,True,False,Pending,
CUST00005209,NFWKU4404C,885914837080,False,True,False,Pending,
CUST00005210,OVZPL5210V,607611002652,True,True,False,Pending,
CUST00005211,UGUGN4436B,524151752492,False,True,True,Pending,
CUST00005212,TERLX2745G,668003766130,False,False,False,Pending,
CUST00005213,HWPLA8505J,725953663150,True,False,False,Pending,
CUST00005214,MKPKR6908W,952578298903,True,False,True,Pending,
CUST00005215,KFNMB9812J,970389773654,True,True,True,Pending,
CUST00005216,TVEUR3691J,617189470935,True,True,True,Pending,
CUST00005217,DKCXA1477W,344220556339,False,False,False,Pending,
CUST00005218,ORITV8493A,371496461440,True,False,True,Pending,
CUST00005219,IFGEC5668G,338608225812,True,True,False,Pending,
CUST00005220,PNBXB2827X,723553001527,True,False,False,Pending,
CUST00005221,FSVZR4927T,667054751813,True,True,False,Pending,
CUST00005222,MQKAR3519Q,452250175533,True,True,True,Pending,
CUST00005223,MRQCJ4975V,052044345118,True,True,False,Pending,
CUST00005224,OKOPQ6919Y,406688698091,False,False,False,Pending,
CUST00005225,JCIJV6470T,056405069807,False,True,False,Pending,
CUST00005226,THFGE2702U,394235896472,False,False,False,Pending,
CUST00005227,TIAUA2574A,492308010864,True,False,False,Pending,
CUST00005228,DLBII8874W,277553168205,False,False,True,Pending,
CUST00005229,MQQAB1130Z,810756724860,True,False,False,Pending,
CUST00005230,MZHFM9265D,158546798190,True,False,False,Pending,
CUST00005231,LFJWR1964I,323739911441,False,True,True,Pending,
CUST00005232,XTNRQ9141S,360378277268,False,True,True,Pending,
CUST00005233,AZUNX2299E,556254648863,False,False,True,Pending,
CUST00005234,UEYOR5160A,393172640038,True,False,False,Pending,
CUST00005235,NNMDI7122T,068838243349,False,False,True,Pending,
CUST00005236,EDUGE6768K,155666244256,True,False,True,Pending,
CUST00005237,ZXFDS3522X,197238274741,True,True,False,Pending,
CUST00005238,AVIJP2096J,355890436069,False,False,False,Pending,
CUST00005239,SPQYC6085A,545506406417,False,False,True,Pending,
CUST00005240,MMYKF5880Q,016945828519,True,True,False,Pending,
CUST00005241,PJMNK8050Y,842384196514,True,True,False,Pending,
CUST00005242,ZHFKE9994G,644468568649,False,True,False,Pending,
CUST00005243,UXSMI6362X,141468443637,False,False,True,Pending,
CUST00005244,PYALR4786J,952717437501,True,False,False,Pending,
CUST00005245,BVLTP7230K,482543673379,True,True,True,Pending,
CUST00005246,ECRSA9603F,639427368230,True,True,True,Verified,2023-08-21
CUST00005247,AXGOW6913R,295110523163,True,False,False,Pending,
CUST00005248,OITQU8099T,005169478278,True,False,True,Pending,
CUST00005249,BVUHW2807I,516866473257,False,False,False,Pending,
CUST00005250,XQGSW1167G,302644018798,True,False,True,Pending,
CUST00005251,ZAVYF9698M,162681726646,False,True,False,Pending,
CUST00005252,CQWIJ9125M,421310374428,True,False,True,Pending,
CUST00005253,BDZJL5242Y,287916333963,False,True,True,Pending,
CUST00005254,UNIQK3224V,905289129048,False,True,True,Pending,
CUST00005255,XYMJD5501E,945454808597,False,False,True,Pending,
CUST00005256,IGGTG2308R,103105822421,True,True,True,Pending,
CUST00005257,JLBRR1393M,589868069549,True,True,True,Verified,2019-08-23
CUST00005258,YESPL1487R,679168369800,False,False,False,Pending,
CUST00005259,FWJUU5032D,890471221761,False,False,True,Pending,
CUST00005260,XNSKG4768K,847561168708,False,False,True,Pending,
CUST00005261,GIXRE7952Z,854257658926,True,False,False,Pending,
CUST00005262,IGRVS2168F,175731245244,False,False,True,Pending,
CUST00005263,ENROD3850N,888872281614,False,False,False,Pending,
CUST00005264,DKFEF6766X,684532246125,False,False,False,Pending,
CUST00005265,GQJMP3578I,250235334730,False,False,False,Pending,
CUST00005266,KJLUY8468F,836680841381,False,True,True,Pending,
CUST00005267,WWSLO8069I,023510716982,True,False,False,Pending,
CUST00005268,GNTPS5907T,557638610752,True,False,False,Pending,
CUST00005269,SPBAW8442R,139122970553,True,True,False,Pending,
CUST00005270,KSJOP5753V,010873837560,True,True,True,Pending,
CUST00005271,DQKUP4187C,230986148863,False,False,True,Pending,
CUST00005272,QIOUY7795E,701547139071,False,True,False,Pending,
CUST00005273,VOSRS6686A,219366967633,True,False,True,Pending,
CUST00005274,SIWNU6850N,115919236611,True,False,True,Pending,
CUST00005275,ZHVEA9553N,708375398409,False,False,False,Pending,
CUST00005276,RYDSC6308C,619560762127,True,True,True,Pending,
CUST00005277,TQDBO3746A,861337616874,True,True,False,Pending,
CUST00005278,RGMOC7972M,826392426715,False,False,False,Pending,
CUST00005279,SDAGR3927O,445080438801,True,True,True,Verified,2026-07-15
CUST00005280,TQPNA5660Y,989689920817,True,True,True,Pending,
CUST00005281,MBQSF9481F,173676468512,False,True,False,Pending,
CUST00005282,KTICR6782O,013235929032,False,False,False,Pending,
CUST00005283,DPIER8774Y,386771077994,True,False,True,Pending,
CUST00005284,XUARA1992A,445174165571,False,False,False,Pending,
CUST00005285,GNGQL5944M,452624552417,False,False,True,Pending,
CUST00005286,ATAFF6779B,835574678776,True,False,False,Pending,
CUST00005287,QSLNV2069M,939959172749,True,True,False,Pending,
CUST00005288,NYIEP9929T,667324459159,False,False,False,Pending,
CUST00005289,EIVSA7400T,914399131394,False,True,True,Pending,
CUST00005290,SDWAA2831R,495728552210,True,False,False,Pending,
CUST00005291,HLREQ2601I,955718455088,True,True,False,Pending,
CUST00005292,MXEOJ1179D,299467638513,False,False,False,Pending,
CUST00005293,CJQJY4277N,648510781301,False,True,False,Pending,
CUST00005294,RGHHK2021Y,058214800903,False,False,False,Pending,
CUST00005295,COPIS7670Z,689842940438,True,True,False,Pending,
CUST00005296,FWPHP2933V,151793929331,False,False,False,Pending,
CUST00005297,YTFGR5760G,234063104207,True,False,False,Pending,
CUST00005298,UKGYG1081U,525173050330,False,False,False,Pending,
CUST00005299,BJPZN1174G,931162719439,False,True,False,Pending,
CUST00005300,XCFRT4087N,386478164943,False,False,False,Pending,
CUST00005301,KIVQG1616Q,096649891394,True,False,False,Pending,
CUST00005302,MKSJR6477E,438005396643,True,False,False,Pending,
CUST00005303,USIVG5413U,032376285487,False,False,True,Pending,
CUST00005304,PGCYT8166C,678941096430,True,True,True,Verified,2023-12-12
CUST00005305,XAOUG2412H,065155516989,True,False,True,Pending,
CUST00005306,EYZHU5709Q,517094011654,False,False,True,Pending,
CUST00005307,EXXLP3218D,878386226607,False,False,False,Pending,
CUST00005308,YTKTF1704S,336839427798,True,True,False,Pending,
CUST00005309,ALMYX9346G,471157597830,True,True,True,Verified,2025-12-21
CUST00005310,CBZRG3465X,197687939606,True,False,False,Pending,
CUST00005311,XODHR2217P,231691769041,True,True,True,Pending,
CUST00005312,YIQBA1299I,945478005063,True,True,False,Pending,
CUST00005313,FDEOA1779U,654688447478,True,False,False,Pending,
CUST00005314,RKPUW3267G,784193389552,False,False,False,Pending,
CUST00005315,JZFGA1427D,499713803322,False,False,True,Pending,
CUST00005316,GBPWH1478P,926689134620,True,True,False,Pending,
CUST00005317,GQMSA1380P,247106087568,False,True,True,Pending,
CUST00005318,LQJBU8363S,944566971673,True,True,True,Pending,
CUST00005319,FAPJA6012S,972058220454,False,False,True,Pending,
CUST00005320,IMAMV1510W,047982153894,True,False,False,Pending,
CUST00005321,RJTOY8513E,484616411392,True,True,True,Verified,1973-01-09
CUST00005322,OLISU4089R,831226146455,True,True,False,Pending,
CUST00005323,FJRLK5868M,630594726600,False,True,True,Pending,
CUST00005324,AFRJH6545R,555429478116,True,True,True,Verified,2005-03-21
CUST00005325,TPXUE4364L,588578264167,False,False,False,Pending,
CUST00005326,UDRWN9059G,622580480183,True,True,True,Pending,
CUST00005327,XTORE6729J,742039809243,False,True,False,Pending,
CUST00005328,UBGXM2927O,557156344815,False,True,True,Pending,
CUST00005329,GPNWV8844R,311190128098,False,False,True,Pending,
CUST00005330,WHYKX4752Z,831572070981,True,False,False,Pending,
CUST00005331,NJYJC7675K,975256954210,False,False,True,Pending,
CUST00005332,QGJWK7028O,137876734816,True,False,False,Pending,
CUST00005333,DDASG3152N,113659736391,True,True,False,Pending,
CUST00005334,MZTZM1872E,247237026789,True,False,False,Pending,
CUST00005335,QKGVL6624Q,901003613781,False,True,False,Pending,
CUST00005336,JXCUS2696X,333056693087,True,True,False,Pending,
CUST00005337,JSHXD1610S,507265604699,True,True,False,Pending,
CUST00005338,JKPJZ3726A,378106444137,False,True,False,Pending,
CUST00005339,MSVRJ6289T,303603501964,True,False,False,Pending,
CUST00005340,NGIWD8935F,306945589417,False,False,False,Pending,
CUST00005341,SCWVS2138W,627322485561,True,True,False,Pending,
CUST00005342,KBSTF2007Z,338599358819,False,True,True,Pending,
CUST00005343,DLBIL1472G,779437328686,True,True,True,Pending,
CUST00005344,DEMXE7929N,912299282865,False,True,False,Pending,
CUST00005345,NRRYQ5331M,471939434732,False,False,True,Pending,
CUST00005346,XFXWD2987A,250149240122,True,False,False,Pending,
CUST00005347,PMHPO7319D,350453788543,False,False,True,Pending,
CUST00005348,DZPOB6149Y,290805477089,False,False,False,Pending,
CUST00005349,DISJA7383K,426415698598,False,True,True,Pending,
CUST00005350,PTCZH8313Z,762059788422,False,True,False,Pending,
CUST00005351,RYUTJ7103V,991193285342,False,True,False,Pending,
CUST00005352,SOSNW7697V,900134453435,False,False,False,Pending,
CUST00005353,PIVGK9192J,470933994049,True,True,False,Pending,
CUST00005354,XKFIY5177R,100689090592,False,False,False,Rejected,2020-01-26
CUST00005355,SDAWE8592V,072633672757,False,True,False,Pending,
CUST00005356,EBXBO6208G,788345860345,False,True,True,Pending,
CUST00005357,UCWFG4252P,704582922434,False,True,True,Pending,
CUST00005358,AUKUP5869A,224156986774,True,False,True,Pending,
CUST00005359,WWFLE4828Z,024521310179,True,False,False,Pending,
CUST00005360,OAQNA9940N,840904291617,True,False,True,Pending,
CUST00005361,SUKXJ8655Y,360098398054,True,True,False,Pending,
CUST00005362,ZBHCV7002P,438841639157,False,False,False,Pending,
CUST00005363,BJIHP3122K,499261286373,True,True,False,Pending,
CUST00005364,CYLHM7742O,217648574317,True,True,True,Pending,
CUST00005365,CZSRN7620U,229020198615,False,True,False,Pending,
CUST00005366,IDSFN2501M,700392017500,False,False,True,Pending,
CUST00005367,ZWSHQ6490L,061501368052,False,False,False,Pending,
CUST00005368,JBCVC9566D,862776363538,True,True,False,Pending,
CUST00005369,ESAQA5332D,070455221608,True,True,True,Pending,
CUST00005370,ZDUEZ9348F,088441994832,False,False,False,Pending,
CUST00005371,YXQMY6910O,676259422331,False,False,False,Pending,
CUST00005372,BJHWT9219Z,102090926365,False,True,False,Pending,
CUST00005373,VPGRR5373T,451799803964,True,True,True,Pending,
CUST00005374,LNNUW9102W,026880328475,True,False,False,Pending,
CUST00005375,NDTDM7913J,810936419123,True,True,True,Verified,2024-02-17
CUST00005376,USVDN7618Y,248490208763,True,True,False,Pending,
CUST00005377,UWBNP2286M,185108638587,True,False,True,Pending,
CUST00005378,QMEOG9265Q,131472759196,True,True,True,Verified,2026-04-13
CUST00005379,PJQCP8185B,168883636850,False,False,False,Pending,
CUST00005380,PNDRV8962E,702847905522,True,True,True,Pending,
CUST00005381,EGQAG6959V,301497587179,False,False,False,Pending,
CUST00005382,TTQKN2693G,492262255868,False,True,True,Pending,
CUST00005383,OIIKH3848B,103048585790,True,False,False,Pending,
CUST00005384,NUJCJ7544K,223458948888,False,False,False,Rejected,2002-09-24
CUST00005385,ZUVOY3229J,071309299062,True,True,True,Pending,
CUST00005386,YCCPZ6691N,926400568289,True,True,True,Pending,
CUST00005387,QIWUC7931G,810980526055,True,True,True,Pending,
CUST00005388,IZCMG5183R,712500837844,True,False,True,Pending,
CUST00005389,SSMZF6202D,775608388664,False,False,False,Rejected,2013-04-19
CUST00005390,QPSDX3753B,848618010861,False,False,False,Pending,
CUST00005391,CPPAD3708W,369110360555,True,True,False,Pending,
CUST00005392,SIKGT1424O,193587917355,False,True,True,Pending,
CUST00005393,UYOFE4188R,062951576837,False,False,False,Pending,
CUST00005394,AZZON3900A,651050256885,False,False,False,Pending,
CUST00005395,KLVDQ4134A,402715209167,False,False,False,Pending,
CUST00005396,HTTOS8148Y,261538922959,True,True,False,Pending,
CUST00005397,WGVQE4372F,384777171829,False,True,False,Pending,
CUST00005398,MGYSU6631F,198671091331,False,True,False,Pending,
CUST00005399,QNMOL4185T,686479885874,True,False,False,Pending,
CUST00005400,GOUXR1645M,006176418163,True,True,False,Pending,
CUST00005401,MTFUA7525C,831530309215,True,True,False,Pending,
CUST00005402,XQPMM7477S,067079064486,True,False,False,Pending,
CUST00005403,SNYPQ9268M,423155984522,True,True,False,Pending,
CUST00005404,HIMXH5323K,773900309094,True,True,True,Verified,2011-01-09
CUST00005405,BTIEC1029Z,309709085893,True,False,False,Pending,
CUST00005406,SATLK1333U,188902219249,True,True,False,Pending,
CUST00005407,YEEEC7196P,954908446798,True,True,True,Pending,
CUST00005408,IUHJL6927J,902531874021,False,False,True,Pending,
CUST00005409,UVBRQ1948P,309710907978,False,False,False,Pending,
CUST00005410,BXIEC2709O,707423017582,True,False,False,Pending,
CUST00005411,IYWBV4136E,487045599965,True,True,True,Pending,
CUST00005412,PQUKF5909D,938176747913,False,False,False,Pending,
CUST00005413,MIYTZ7225C,814010876678,False,False,True,Pending,
CUST00005414,NUJUM5277N,356648090010,True,False,True,Pending,
CUST00005415,NXJQO7879W,337229613337,True,True,False,Pending,
CUST00005416,BDQFR5977L,106617985849,True,True,True,Verified,2026-07-28
CUST00005417,LPOAJ5972L,935000724386,True,False,False,Pending,
CUST00005418,LVBPR1129Q,412126583956,True,False,True,Pending,
CUST00005419,ZEKHD1616H,927083085402,True,True,False,Pending,
CUST00005420,QPNFY9894F,867532606351,False,False,True,Pending,
CUST00005421,LDQQH6250U,767901238115,False,False,True,Pending,
CUST00005422,ILKQR9040W,105521453383,True,True,True,Verified,1985-07-06
CUST00005423,KLEZE4742O,686317505526,True,False,True,Pending,
CUST00005424,ARQSJ4328U,028837692481,True,False,False,Pending,
CUST00005425,REGIF6877A,302989131915,True,True,True,Pending,
CUST00005426,TOTUC1368I,159018151278,False,False,True,Pending,
CUST00005427,JKYIP7274W,873480691720,False,False,True,Pending,
CUST00005428,EXZKZ1827C,630697116407,True,True,True,Verified,2019-12-05
CUST00005429,KQMBL4422E,307904141394,True,True,True,Verified,2023-04-23
CUST00005430,ESYTA2563C,134642798553,False,True,False,Pending,
CUST00005431,QVPUF6375P,889322985848,True,True,False,Pending,
CUST00005432,OQWOZ7673X,674996191597,True,False,True,Pending,
CUST00005433,EFYAM8206J,552081591983,True,True,False,Pending,
CUST00005434,ULSSW2147B,208749524358,True,True,True,Verified,2024-06-14
CUST00005435,VMTPU5442T,660539216994,False,True,False,Pending,
CUST00005436,IDAFX6573S,672728227942,False,True,False,Pending,
CUST00005437,TOSNA5957O,810458292955,True,True,False,Pending,
CUST00005438,ETPWH9661T,703705381818,True,True,False,Pending,
CUST00005439,GBCHB1802R,505473969392,False,False,True,Pending,
CUST00005440,AKVFY9425R,850752974495,True,True,False,Pending,
CUST00005441,FBYBL5194O,997650252830,True,True,True,Pending,
CUST00005442,DJGPL8479I,215998353278,False,False,False,Pending,
CUST00005443,HGIJR8634I,643656990035,False,False,True,Pending,
CUST00005444,CRARI6116B,513191151812,False,False,False,Pending,
CUST00005445,XEJTP8307Z,953638692402,False,False,False,Pending,
CUST00005446,KVCJP5420O,562864053980,True,True,True,Pending,
CUST00005447,LZSKC3620X,418181836555,False,False,False,Rejected,1999-08-14
CUST00005448,IYATM8546G,465907764790,False,False,True,Pending,
CUST00005449,THCMP9184M,026830860244,True,False,True,Pending,
CUST00005450,MOTOD3010G,486134970790,False,True,False,Pending,
CUST00005451,ZXGMD2523M,172034530876,False,True,False,Pending,
CUST00005452,VDXIN8082A,016671717884,True,True,False,Pending,
CUST00005453,VVLYQ8924S,064170665664,False,False,False,Rejected,2010-08-21
CUST00005454,MMBXI1279V,783191790154,True,False,False,Pending,
CUST00005455,IYDOJ4833X,063926510833,True,True,True,Pending,
CUST00005456,GQSUS6193J,425521150025,True,False,True,Pending,
CUST00005457,HJHCE6267H,832034661948,False,False,False,Pending,
CUST00005458,DFZVN7104P,605996887041,False,True,False,Pending,
CUST00005459,BZZKY7629V,467889345211,False,False,False,Pending,
CUST00005460,HZBVT1813W,409207777312,False,True,False,Pending,
CUST00005461,PVHCL6837F,698879677145,True,True,True,Verified,1997-12-05
CUST00005462,SHZIZ5698T,576240491950,False,False,False,Pending,
CUST00005463,LEDQH8862T,406539228222,True,False,True,Pending,
CUST00005464,UDFZO1901N,705527318121,True,False,False,Pending,
CUST00005465,QJZYQ4386Z,199343952205,False,False,True,Pending,
CUST00005466,OUSCR5377V,163756405680,True,True,False,Pending,
CUST00005467,ZYQYR8912W,641645283269,True,False,False,Pending,
CUST00005468,FDHRC8999D,797169640497,False,True,False,Pending,
CUST00005469,MIHNF2702Q,291921622189,False,True,False,Pending,
CUST00005470,DTLNL5652S,966230516653,True,True,False,Pending,
CUST00005471,JZYEG6349Z,112869169023,True,True,True,Verified,2023-11-25
CUST00005472,HCEDK1417A,333241137012,False,False,False,Rejected,2025-03-13
CUST00005473,PWVGN7809Y,359696986767,True,True,True,Pending,
CUST00005474,TETYL4347C,920970279151,True,False,True,Pending,
CUST00005475,ZZXME6452C,600571873035,True,False,True,Pending,
CUST00005476,GNKMG1547C,042190672658,False,False,True,Pending,
CUST00005477,YFWBF2628B,800584057704,False,False,False,Pending,
CUST00005478,PROTO4468P,131898652792,False,True,True,Pending,
CUST00005479,YISMK3700V,235168348925,True,True,True,Verified,2026-07-16
CUST00005480,PWOWS5847E,841321342908,False,True,True,Pending,
CUST00005481,FPQNJ2098K,423085083526,False,False,True,Pending,
CUST00005482,BBANG8029E,567980743159,True,False,False,Pending,
CUST00005483,RYBOG3907A,485247346614,True,True,False,Pending,
CUST00005484,RHZSI4061S,374187103279,True,False,True,Pending,
CUST00005485,QGJUD1544E,847380436727,False,True,True,Pending,
CUST00005486,JJGXC7404Y,653105703389,False,False,False,Rejected,2019-01-03
CUST00005487,HCXBU6061K,468906560718,False,False,False,Pending,
CUST00005488,XAEPM1158H,932746226153,True,True,False,Pending,
CUST00005489,BBGVO8583F,059339889605,True,False,False,Pending,
CUST00005490,MOWEC1127G,839940158422,False,False,True,Pending,
CUST00005491,MJBAB6453V,652065542338,True,True,False,Pending,
CUST00005492,EDDAU2976S,162976362495,True,False,True,Pending,
CUST00005493,AGZJE1198P,368873757671,False,True,True,Pending,
CUST00005494,PAVXF5495I,745633600976,True,True,False,Pending,
CUST00005495,ZCGKP2871U,787972521597,True,True,False,Pending,
CUST00005496,BDLTE4553G,129350560285,True,True,True,Pending,
CUST00005497,EOTVR7893J,394770254301,True,True,False,Pending,
CUST00005498,NPRAV7534N,865590432774,False,True,True,Pending,
CUST00005499,OBALA7738T,881781043670,True,True,True,Verified,1984-04-30
CUST00005500,RZZQM7449W,216982524221,False,True,True,Pending,
CUST00005501,MDAAJ7646O,438697293320,True,True,True,Pending,
CUST00005502,IIGFM4209G,170809778819,True,True,True,Pending,
CUST00005503,GPUIT7044L,889519465751,True,False,True,Pending,
CUST00005504,KOVAA8941R,534338432831,True,True,True,Pending,
CUST00005505,TITVM5120S,337418771328,False,False,False,Pending,
CUST00005506,ZTETT9017B,146685054815,False,False,False,Pending,
CUST00005507,MGVER2969H,665703794407,False,True,True,Pending,
CUST00005508,CNRKQ8372V,260776151122,False,True,False,Pending,
CUST00005509,LEBIS2617D,963822330800,False,False,True,Pending,
CUST00005510,WUZJO6497O,643307693259,False,False,True,Pending,
CUST00005511,VQHSQ4372K,856819569606,False,True,False,Pending,
CUST00005512,RGKQH5312R,752378750952,True,True,True,Verified,2024-06-30
CUST00005513,CURJY9540Q,434385722185,True,True,False,Pending,
CUST00005514,QEHTD4952N,704599129304,True,True,False,Pending,
CUST00005515,EZGOR5174Q,433029204794,False,False,False,Pending,
CUST00005516,TSITX6780V,917350350193,False,True,False,Pending,
CUST00005517,DKAYK1035Q,678464532571,True,False,True,Pending,
CUST00005518,SXQAT7963R,781779259244,False,False,True,Pending,
CUST00005519,CMSCB8233P,261312223332,True,False,False,Pending,
CUST00005520,LKCPJ3639U,074828722923,True,True,False,Pending,
CUST00005521,YXZUG3692H,401014965690,True,True,True,Verified,2016-04-24
CUST00005522,SILWD9182C,419239108966,False,True,True,Pending,
CUST00005523,ZQSWO1581Q,913830292861,True,True,True,Pending,
CUST00005524,KTGFY4854E,101037401174,True,False,True,Pending,
CUST00005525,AJHTD2515R,237270586870,False,True,False,Pending,
CUST00005526,RKFVG7649D,802661400305,True,True,False,Pending,
CUST00005527,CHGLG3902Q,377572076277,False,True,True,Pending,
CUST00005528,KCETL1281F,945776433838,True,True,True,Verified,2026-01-11
CUST00005529,JVESI5635A,782762951121,False,False,False,Pending,
CUST00005530,NDCNO9624P,513339473869,True,True,True,Pending,
CUST00005531,PQCDA3308J,581549730036,True,True,True,Verified,2016-12-05
CUST00005532,PVDOE8138Y,083286042227,True,False,False,Pending,
CUST00005533,NNACE1447P,124627342830,False,False,True,Pending,
CUST00005534,MHMXA4383L,079833875805,False,False,True,Pending,
CUST00005535,QJTRS2169J,467145269721,True,True,True,Pending,
CUST00005536,FHFDY1643T,174453021221,True,True,True,Pending,
CUST00005537,YLRTJ6605Y,125911868630,False,False,False,Pending,
CUST00005538,AVOVV7414V,918001608982,True,False,False,Pending,
CUST00005539,MOMFG2585D,123964692307,False,True,False,Pending,
CUST00005540,ZCDNN6680R,418636906487,True,True,False,Pending,
CUST00005541,VMKRQ4257G,654483385701,False,False,False,Rejected,2006-05-02
CUST00005542,CUIXX2159R,570167543855,True,True,True,Pending,
CUST00005543,WHTYV6218I,217417244314,False,False,False,Pending,
CUST00005544,ICQXD6264E,971273797326,True,True,False,Pending,
CUST00005545,PIQBG1040L,262137070954,True,False,False,Pending,
CUST00005546,OIYSS4966J,269729189009,False,True,True,Pending,
CUST00005547,KJPFT8035X,303108976717,True,False,False,Pending,
CUST00005548,NDXAS6091P,206405106795,False,False,False,Rejected,2026-05-17
CUST00005549,YHTIP6840W,991597110243,False,True,True,Pending,
CUST00005550,VBYGL8232J,893572902649,True,False,False,Pending,
CUST00005551,ALSBH2093V,553351134939,True,False,False,Pending,
CUST00005552,ZVYFS5400I,007815972186,False,True,False,Pending,
CUST00005553,WKLWQ7821U,042685814270,True,True,True,Pending,
CUST00005554,DLHKO7228M,653752033189,False,True,False,Pending,
CUST00005555,CZKDL9959O,344967496149,False,False,False,Pending,
CUST00005556,ZLHOR8468I,813896326870,False,True,True,Pending,
CUST00005557,YQTMZ4419N,635607774778,True,False,False,Pending,
CUST00005558,BSMIH7470H,832245691533,True,False,True,Pending,
CUST00005559,DMJWG1010A,250805913462,False,False,True,Pending,
CUST00005560,WCZAM6746W,882170701515,False,True,False,Pending,
CUST00005561,XQQVT3355X,174695191561,True,False,True,Pending,
CUST00005562,QXRPH6525V,122877408540,False,True,True,Pending,
CUST00005563,PDVVV1511F,325318413667,False,True,True,Pending,
CUST00005564,FCYMD7105X,040920070656,True,False,False,Pending,
CUST00005565,OAMIF7052R,864918041561,False,False,False,Pending,
CUST00005566,MMLFM8471Y,417663440488,False,True,False,Pending,
CUST00005567,LVZLT5775Y,699249403878,True,True,False,Pending,
CUST00005568,GUJPM8906J,854342684268,False,False,True,Pending,
CUST00005569,NIRHT9592A,249970794599,True,False,True,Pending,
CUST00005570,NKQKG9954F,516349419064,False,True,True,Pending,
CUST00005571,BPGOC2519Q,101313626808,True,True,True,Verified,2023-04-21
CUST00005572,ANRBG8113N,824621075597,False,True,False,Pending,
CUST00005573,QBVBH8318U,897919026666,False,True,False,Pending,
CUST00005574,SWHWY2612B,167462169707,True,False,False,Pending,
CUST00005575,KSHJC4151Q,616343214825,True,True,False,Pending,
CUST00005576,KURMF9139R,329271578264,True,False,False,Pending,
CUST00005577,NDWCV7365S,419821488328,False,False,True,Pending,
CUST00005578,UQWHP9619Q,965388476058,True,False,True,Pending,
CUST00005579,BGEIH8701X,592437832850,True,True,True,Pending,
CUST00005580,LYXAX6746R,513490745622,False,False,True,Pending,
CUST00005581,LXBMJ2632Y,164939385365,True,True,True,Pending,
CUST00005582,RFRXH1304E,635138776306,False,True,False,Pending,
CUST00005583,KDJBP7091M,917277378094,False,False,True,Pending,
CUST00005584,GCFBH3003D,081311441765,True,False,True,Pending,
CUST00005585,HQQVN6402Y,046861974141,True,True,True,Verified,2026-05-20
CUST00005586,XHEJW7966J,897299495584,False,True,False,Pending,
CUST00005587,KYREI3767K,740116964407,True,True,True,Verified,2022-03-21
CUST00005588,QYZTX4487H,331645005224,False,False,True,Pending,
CUST00005589,EYSYJ6160I,459024112507,True,True,True,Verified,2017-04-08
CUST00005590,DDQGC1963T,536486583019,False,True,True,Pending,
CUST00005591,YFUQN4471E,131994207364,True,True,False,Pending,
CUST00005592,YSIXH1961F,005169235086,False,False,False,Pending,
CUST00005593,DCIOQ7908S,675942331378,False,True,False,Pending,
CUST00005594,GKBOA4429V,643065507400,False,True,False,Pending,
CUST00005595,EGNPR9138S,910859115041,False,False,False,Pending,
CUST00005596,KCKAX8311W,750739946220,False,True,False,Pending,
CUST00005597,CBNUH5935S,892851907688,False,False,True,Pending,
CUST00005598,PSNPC5040C,537533968603,False,True,False,Pending,
CUST00005599,DFNPA1131L,272617323704,False,False,False,Pending,
CUST00005600,QPVML6056N,974644756540,True,False,True,Pending,
CUST00005601,SNDDE7637I,512045475500,False,False,False,Pending,
CUST00005602,WMBWI7364B,187469757128,True,False,True,Pending,
CUST00005603,CFSEX5466O,825545124191,False,False,False,Pending,
CUST00005604,XLZOW5414D,549660290498,False,False,False,Pending,
CUST00005605,SRJFY6680O,085329432688,False,True,False,Pending,
CUST00005606,JUREE2831K,665658246868,False,False,False,Pending,
CUST00005607,MFUMX1082M,138224003134,True,False,False,Pending,
CUST00005608,LRIEK8754R,798768595151,True,False,True,Pending,
CUST00005609,NNXAQ1236P,631395052726,False,False,True,Pending,
CUST00005610,YKBVM7631R,127146182815,True,False,False,Pending,
CUST00005611,COMVI2911Q,795878506422,True,False,True,Pending,
CUST00005612,NBHUM1971F,579999434033,False,True,False,Pending,
CUST00005613,TIRLT1856M,965009326802,True,True,True,Verified,2019-12-26
CUST00005614,PDDEO3363I,024656624669,True,True,True,Pending,
CUST00005615,OJTLP1405B,126523069323,False,False,False,Pending,
CUST00005616,RWIYD1216J,268444950770,False,False,False,Pending,
CUST00005617,ROUNI9058A,064214721311,False,True,False,Pending,
CUST00005618,EIEHA2055K,400652495779,False,True,False,Pending,
CUST00005619,CRNWM8329K,657917229442,True,True,True,Pending,
CUST00005620,GRTXT4149V,979888370907,False,True,True,Pending,
CUST00005621,AUTVG3923Q,694272357214,False,False,True,Pending,
CUST00005622,ZHJKL3794U,550542658200,True,True,True,Pending,
CUST00005623,LNJNT1256R,332855678037,True,False,True,Pending,
CUST00005624,YECDY4948E,985346741846,False,False,False,Pending,
CUST00005625,VPCFE8616K,080859304900,True,False,False,Pending,
CUST00005626,MEIDR4455V,534322951295,True,False,False,Pending,
CUST00005627,VXXPQ6426L,499987999759,True,False,False,Pending,
CUST00005628,SCNZB9647G,129618115400,False,True,False,Pending,
CUST00005629,APAHG2706J,548791705463,False,False,False,Pending,
CUST00005630,DFQTA8607Y,769517517466,True,True,False,Pending,
CUST00005631,BKKIW6292T,259847864199,True,False,True,Pending,
CUST00005632,TRBLE8966N,670866494936,True,False,False,Pending,
CUST00005633,SJOMU4342Y,676412424360,False,True,False,Pending,
CUST00005634,ARGKN6409K,133360936806,False,True,True,Pending,
CUST00005635,LFKMW5650U,449647271139,True,True,True,Pending,
CUST00005636,DMSOH9316O,553759669385,False,False,True,Pending,
CUST00005637,KRIRA6671Y,015495041075,True,True,True,Pending,
CUST00005638,UMGPF4680Y,018745391631,True,False,True,Pending,
CUST00005639,RGLHK2236J,294658597101,False,True,True,Pending,
CUST00005640,WBEJY9106A,823081724743,False,False,True,Pending,
CUST00005641,LRYSX1989J,647037771088,False,True,False,Pending,
CUST00005642,VDOAO4264K,023691658430,True,True,True,Pending,
CUST00005643,YESBC4395O,572482678556,False,False,False,Pending,
CUST00005644,WFPCZ1021A,005437727059,False,True,False,Pending,
CUST00005645,WDFDR5992K,925727774269,False,False,True,Pending,
CUST00005646,UFOHT8717R,964517637744,True,True,False,Pending,
CUST00005647,NOQOW4749F,574444469140,False,True,False,Pending,
CUST00005648,YXXZN7526N,900820389231,False,False,True,Pending,
CUST00005649,RNYBK8044G,354041356409,True,False,True,Pending,
CUST00005650,MHVAL8657I,590057165009,True,False,True,Pending,
CUST00005651,KKBLW3082S,741683733585,False,True,False,Pending,
CUST00005652,ZYAJL1594W,468167683374,False,False,False,Pending,
CUST00005653,XXZMD5802K,083743095568,True,False,False,Pending,
CUST00005654,KBQOY3867M,094012886925,False,True,False,Pending,
CUST00005655,YQIQF7602N,587631903716,False,True,True,Pending,
CUST00005656,IRPUS7534A,172780495307,False,True,False,Pending,
CUST00005657,ITPHT3683T,358979267102,False,True,False,Pending,
CUST00005658,PUAGN8734M,924605484615,True,False,False,Pending,
CUST00005659,YVCVR5559C,488428068367,True,True,True,Pending,
CUST00005660,EEWEV8925I,527290647136,False,True,False,Pending,
CUST00005661,XCFCV8875Y,199326712986,True,False,False,Pending,
CUST00005662,VWQFC1888C,437315672200,True,True,True,Pending,
CUST00005663,JUBEM5943F,529343664814,False,False,True,Pending,
CUST00005664,RJWTH4499U,872466906179,True,False,False,Pending,
CUST00005665,PZEZT5804Q,403875387485,True,True,True,Pending,
CUST00005666,YQWED6905I,460944591983,True,True,True,Verified,2025-05-25
CUST00005667,FAHRU9274F,710748677397,True,True,True,Pending,
CUST00005668,WWIPX6525I,537953387390,True,True,True,Pending,
CUST00005669,IWJKQ8129X,204151539113,False,False,True,Pending,
CUST00005670,YNIBO2219H,318318705888,True,True,True,Pending,
CUST00005671,YESEY6006H,697200192760,False,True,False,Pending,
CUST00005672,NOJED8344W,640499129018,True,False,True,Pending,
CUST00005673,PFZFW8093I,114959707699,False,False,True,Pending,
CUST00005674,IPNDT9524Y,344992553943,False,False,False,Pending,
CUST00005675,QWOPR1226P,901001354807,True,True,False,Pending,
CUST00005676,RHWCV5712A,383470398322,False,True,False,Pending,
CUST00005677,UDWMZ2921W,453050626820,False,False,True,Pending,
CUST00005678,UFZGA7276D,354815396025,False,True,True,Pending,
CUST00005679,YQTRJ8284I,703409783745,False,True,True,Pending,
CUST00005680,XVBDO5419W,704118454714,False,False,True,Pending,
CUST00005681,HLFNC5964C,097775474299,True,True,False,Pending,
CUST00005682,GISGU4127M,498843270523,True,False,True,Pending,
CUST00005683,ATFJC5037T,821465423350,False,True,False,Pending,
CUST00005684,CJVJK9818E,026540643802,True,True,True,Verified,2020-04-23
CUST00005685,MPZVF9518J,677802527442,True,False,True,Pending,
CUST00005686,BZWOV4824L,901998720027,False,False,False,Rejected,2007-11-22
CUST00005687,DAZOA8889N,714195551418,False,False,True,Pending,
CUST00005688,LAOVV5182I,458945298420,True,True,True,Pending,
CUST00005689,UGXHH5480R,889181948106,False,False,False,Pending,
CUST00005690,DDEJS8974Z,639963234502,True,False,True,Pending,
CUST00005691,QVKBN3390J,152284730639,True,True,False,Pending,
CUST00005692,GCUTA4111A,979537246730,True,True,True,Pending,
CUST00005693,NAZXQ1195E,074410197511,True,False,False,Pending,
CUST00005694,NNFVH6663G,162193490766,False,True,False,Pending,
CUST00005695,SVROR4421E,310476021088,True,True,True,Verified,2022-05-15
CUST00005696,YGLNH8473P,209282356192,False,True,True,Pending,
CUST00005697,UJHGZ1794S,807785899922,False,False,True,Pending,
CUST00005698,BTQJU1003K,452096454853,True,False,False,Pending,
CUST00005699,AXSBD6174Z,404966996819,False,True,False,Pending,
CUST00005700,IXLZW5003C,617917550399,False,False,False,Pending,
CUST00005701,JLZDG8038U,221110617000,False,True,False,Pending,
CUST00005702,DBMYT9015Q,679161284150,True,False,False,Pending,
CUST00005703,CIEOS3729B,514416677082,False,False,False,Pending,
CUST00005704,IGJYI9173O,526697165569,False,False,True,Pending,
CUST00005705,DKGWX6908C,730796141064,True,False,False,Pending,
CUST00005706,TRXSI6559O,405204775087,False,True,True,Pending,
CUST00005707,DJFYK8842P,442017331441,True,False,True,Pending,
CUST00005708,FHZFF8435E,106930062968,False,True,True,Pending,
CUST00005709,PAYQC7728P,515493181010,True,True,False,Pending,
CUST00005710,FSGGB2838V,783429991012,False,True,True,Pending,
CUST00005711,ESYMY3485A,208337069777,True,True,False,Pending,
CUST00005712,KQFIH9508R,517142801321,False,True,True,Pending,
CUST00005713,HTUSA9327U,464162911589,True,False,True,Pending,
CUST00005714,JYNOG2485O,958708441707,True,True,True,Verified,2025-06-25
CUST00005715,DOFTD4996G,459309672978,False,False,True,Pending,
CUST00005716,CHMTH7897G,810795540026,True,False,True,Pending,
CUST00005717,UBIHA8867E,394318323272,False,True,False,Pending,
CUST00005718,XJGYJ7877U,483842264603,False,False,False,Pending,
CUST00005719,QWCNP9722I,994395915523,False,False,False,Pending,
CUST00005720,NRJYA9502K,301916528828,True,False,True,Pending,
CUST00005721,GXFVH8433N,117435958170,False,True,False,Pending,
CUST00005722,KODDL8266E,363480414933,True,False,False,Pending,
CUST00005723,EDUVX2424P,827239735730,False,False,True,Pending,
CUST00005724,YIVSO5482U,646627677226,True,True,True,Pending,
CUST00005725,LQWDF9772X,934176199460,True,False,False,Pending,
CUST00005726,YSIYB2871O,050707771290,True,True,True,Pending,
CUST00005727,TLXGK1368G,772546843165,True,False,True,Pending,
CUST00005728,LCSGT9371B,476603214990,True,False,False,Pending,
CUST00005729,IQWXE6912W,759359700181,False,True,False,Pending,
CUST00005730,ONIHW1974N,244328237101,False,True,False,Pending,
CUST00005731,NDAEN1745Y,249647560390,True,True,True,Verified,2026-07-25
CUST00005732,ZPSGE3579W,172909614507,False,False,True,Pending,
CUST00005733,KOXHV6607L,904919249795,False,True,False,Pending,
CUST00005734,ODQCQ6017U,147888880713,False,False,True,Pending,
CUST00005735,PXPGH5979V,935014886758,True,True,True,Pending,
CUST00005736,ROAJG6010O,460679984108,False,True,False,Pending,
CUST00005737,YVPFM6572J,303256011776,True,True,True,Pending,
CUST00005738,YUFVL5209S,543566453764,False,True,True,Pending,
CUST00005739,BNGPX3333F,751771406918,False,True,False,Pending,
CUST00005740,PGLSF5868T,462339389137,False,False,False,Pending,
CUST00005741,XIUCF4000O,440683531492,True,False,False,Pending,
CUST00005742,HOLYZ3557N,366359961930,False,False,False,Pending,
CUST00005743,SWNRA9448F,758853071838,False,True,False,Pending,
CUST00005744,HXTRO1564Z,987588757161,True,False,True,Pending,
CUST00005745,DADDS4408F,533008006925,False,True,False,Pending,
CUST00005746,VDRHF2830P,594884873579,False,False,False,Pending,
CUST00005747,XFOQQ3046F,343363808784,False,False,False,Pending,
CUST00005748,ZDUFZ8305B,086459645509,True,True,True,Verified,2021-03-16
CUST00005749,YZLVA6301B,231060033800,True,True,True,Verified,2025-04-12
CUST00005750,OQRLY8372T,405032938871,True,False,True,Pending,
CUST00005751,ZFUKL9300B,507668930176,True,False,True,Pending,
CUST00005752,KEZXM9768M,890910837975,True,False,True,Pending,
CUST00005753,DAWXY4891V,501225113216,True,False,True,Pending,
CUST00005754,QGZTP7738W,849706621210,True,False,True,Pending,
CUST00005755,JXQPC5237R,725892886826,False,False,True,Pending,
CUST00005756,BHROS1023W,171042530320,False,True,True,Pending,
CUST00005757,BDOLV6880F,421216081003,False,True,True,Pending,
CUST00005758,GFHQT5994R,746182283549,False,False,True,Pending,
CUST00005759,KBUIQ5758Z,830733318921,True,True,True,Pending,
CUST00005760,ZLETE8081Y,288236970061,False,True,True,Pending,
CUST00005761,XBPKH2652Q,396825079773,True,False,False,Pending,
CUST00005762,XBLGZ1885S,164214469662,True,False,False,Pending,
CUST00005763,WYMOQ9224N,868869197332,False,False,False,Pending,
CUST00005764,VMABA7501R,375942350763,True,True,False,Pending,
CUST00005765,FAFIG2244F,132968788978,True,True,True,Pending,
CUST00005766,AHRQM8111P,676840709077,True,True,False,Pending,
CUST00005767,TNOQR3213F,768283957195,True,True,False,Pending,
CUST00005768,SGAJU6628D,612602993174,False,False,False,Pending,
CUST00005769,HFNUG6527A,944114667761,False,True,False,Pending,
CUST00005770,EXYBU2153B,484638423412,False,False,False,Pending,
CUST00005771,DVSSF8389U,459275208590,True,True,False,Pending,
CUST00005772,CMMOX7595E,198539359555,True,False,False,Pending,
CUST00005773,MSKRU4462P,067328532292,True,False,False,Pending,
CUST00005774,GRRNY8546N,958768864980,True,True,False,Pending,
CUST00005775,PVEID8820M,156264367494,False,False,True,Pending,
CUST00005776,PRMOO6259F,560005882017,False,True,False,Pending,
CUST00005777,DHCWJ6504R,573060903701,False,False,True,Pending,
CUST00005778,PNXMD8472X,139575095378,False,True,False,Pending,
CUST00005779,KGAOL9114I,607590047475,True,True,True,Verified,2025-11-02
CUST00005780,MGXBQ3936N,883212699528,False,True,False,Pending,
CUST00005781,IFCYA3169A,568825396614,True,True,True,Pending,
CUST00005782,DQQWS9050N,929891204727,True,False,False,Pending,
CUST00005783,POZJE1254G,864170196498,True,True,False,Pending,
CUST00005784,FUSTG3073S,026296952005,True,True,False,Pending,
CUST00005785,UFMWP3193H,572091058238,False,False,False,Pending,
CUST00005786,PYGTZ5069Y,592413879961,True,True,True,Verified,2017-01-03
CUST00005787,CPOSD7310A,634647935717,True,True,True,Verified,2023-08-31
CUST00005788,KIGQH8173P,908225892183,False,True,False,Pending,
CUST00005789,GFHSI7268N,028553259975,True,True,False,Pending,
CUST00005790,JFTIC2439T,415436959507,True,True,True,Pending,
CUST00005791,QIIZH5589N,736547808259,True,False,True,Pending,
CUST00005792,ODOLE2170E,062884252309,False,True,True,Pending,
CUST00005793,ZFCUM9499J,168520604550,False,False,False,Pending,
CUST00005794,IWIDL7581H,315068935909,True,True,True,Pending,
CUST00005795,MOAHN4509Q,250640257683,True,False,True,Pending,
CUST00005796,ZWZSL3443T,980724553551,False,False,False,Pending,
CUST00005797,CEZKE3826O,906343494154,True,False,True,Pending,
CUST00005798,KVOMQ4850V,311091980905,True,False,False,Pending,
CUST00005799,WZUSD7219Y,408084993572,True,True,False,Pending,
CUST00005800,XTFAG3326J,739281978117,True,True,True,Pending,
CUST00005801,IPEST7960L,062947142889,False,False,False,Pending,
CUST00005802,FWCCK6425N,294359365535,False,True,False,Pending,
CUST00005803,DHCCR4037M,501326902501,False,True,False,Pending,
CUST00005804,XCQYG9475Y,386324244548,True,False,True,Pending,
CUST00005805,GGVMK3557O,980663871205,True,True,False,Pending,
CUST00005806,PRXPH9835B,387423963448,False,False,True,Pending,
CUST00005807,MWLKI8886C,993386853245,True,True,True,Pending,
CUST00005808,SXXHT5016E,970661068360,True,True,True,Pending,
CUST00005809,SYDAR2435P,933763415746,True,False,True,Pending,
CUST00005810,MZYCY6674W,416751365087,True,True,False,Pending,
CUST00005811,IMXQH1386P,971390842591,True,True,True,Pending,
CUST00005812,TEJHT4901C,681764185445,False,True,True,Pending,
CUST00005813,IMAWI7276P,000486996713,True,True,True,Pending,
CUST00005814,NPYJT6539Z,704556399630,False,False,False,Pending,
CUST00005815,VCRKY8639B,127377182048,True,True,True,Verified,2021-03-17
CUST00005816,AJVZZ5691F,197470226075,True,True,True,Pending,
CUST00005817,EFFET1396I,756902908744,False,False,False,Pending,
CUST00005818,HGXFO2709D,881923669814,False,True,True,Pending,
CUST00005819,OTWID8002O,172734988749,False,False,True,Pending,
CUST00005820,DXTGM8000I,524969261984,True,True,False,Pending,
CUST00005821,VCHFD2456C,619554182644,True,True,False,Pending,
CUST00005822,BHDNR5494D,150320626688,True,True,True,Verified,2024-04-11
CUST00005823,GSYJG5247U,440668372110,True,False,False,Pending,
CUST00005824,AZUYH8851U,151051955535,False,True,False,Pending,
CUST00005825,PSFLO7510O,365243283914,True,False,True,Pending,
CUST00005826,YSIFV2766D,944202527078,True,True,True,Pending,
CUST00005827,PQHXO2326P,519107814962,True,True,True,Pending,
CUST00005828,ROUQJ9094I,190851075982,True,True,True,Pending,
CUST00005829,CZILO5380F,326558358370,False,False,True,Pending,
CUST00005830,HMNOH6447B,016640592091,True,False,True,Pending,
CUST00005831,SQXRH7561V,258363008209,False,True,True,Pending,
CUST00005832,JAPQR9419R,314030605486,True,False,False,Pending,
CUST00005833,WGRKR6936N,943600748743,True,True,True,Verified,1992-07-16
CUST00005834,WUUGV1640V,137081219080,True,True,True,Verified,2025-05-18
CUST00005835,IBHVQ1438V,283094360200,True,True,True,Verified,2026-07-09
CUST00005836,ZPWOS4637F,175475096274,True,True,True,Pending,
CUST00005837,YLAZU6095V,726003864960,True,False,True,Pending,
CUST00005838,TNWMV6739A,443369618304,True,True,False,Pending,
CUST00005839,XHOKC9120L,806927269628,True,False,False,Pending,
CUST00005840,STPDP9188T,614492448461,True,False,False,Pending,
CUST00005841,FHEGA4830X,926580580937,False,False,False,Pending,
CUST00005842,WQRVU8904Q,684400596431,True,True,True,Pending,
CUST00005843,ULBBG2613L,287326237080,False,True,False,Pending,
CUST00005844,MYEVY5442F,057973587131,False,False,True,Pending,
CUST00005845,THKMJ1501D,692762859726,False,False,True,Pending,
CUST00005846,GKVOO4738G,586140241219,False,False,True,Pending,
CUST00005847,SLLRM7667Q,120968670756,True,True,False,Pending,
CUST00005848,YVHPP1855Z,253910494279,False,True,True,Pending,
CUST00005849,BENQM3230U,709857371541,True,True,True,Pending,
CUST00005850,XZXMF9464Q,945063997909,True,True,False,Pending,
CUST00005851,DNHOL3288K,887601736706,False,False,True,Pending,
CUST00005852,MSULP7540I,430795661005,True,True,True,Verified,2024-05-15
CUST00005853,OFADW5175M,858836403399,True,False,False,Pending,
CUST00005854,ZDXSU6502I,420989665762,False,True,True,Pending,
CUST00005855,IDLGU2313H,321598733614,False,False,True,Pending,
CUST00005856,TLSAF6888W,606094244771,True,True,True,Pending,
CUST00005857,KTKGV9590G,362154583739,True,True,True,Pending,
CUST00005858,RIGZE6002H,262887929621,True,False,True,Pending,
CUST00005859,HFHVK8066G,319835326796,False,True,False,Pending,
CUST00005860,JVZON9651G,231969184852,True,True,False,Pending,
CUST00005861,HSNXG4793J,841388483264,True,False,False,Pending,
CUST00005862,XAPRJ6026Q,971251184451,False,True,True,Pending,
CUST00005863,ZYXIB3232U,254234892355,True,True,True,Verified,2024-09-12
CUST00005864,VYZBU8547U,699039339205,True,False,False,Pending,
CUST00005865,GMPST5321M,423261800751,True,False,False,Pending,
CUST00005866,BDBKM6886O,969897811660,True,True,True,Verified,2001-01-16
CUST00005867,XNZZE2371I,767379201564,True,True,True,Pending,
CUST00005868,AEHIM9324G,683784790776,True,True,True,Pending,
CUST00005869,QKUIV5570Q,491100947196,False,False,False,Pending,
CUST00005870,JIQVV2235I,149847079237,False,False,False,Pending,
CUST00005871,VXFHR9445J,464772723311,True,True,False,Pending,
CUST00005872,CILQC9191G,409458940154,True,True,False,Pending,
CUST00005873,ZKBYP2396C,172344694756,False,True,False,Pending,
CUST00005874,NJHOP4803R,012611651420,False,True,True,Pending,
CUST00005875,QDONW4692Q,043027604967,True,False,True,Pending,
CUST00005876,VXHKQ8504S,343721144144,False,False,True,Pending,
CUST00005877,GEXEH3924E,871434545557,False,False,True,Pending,
CUST00005878,IFNXB5188Y,060185083456,True,True,False,Pending,
CUST00005879,USDKB2859W,332636396126,False,False,False,Pending,
CUST00005880,VWAGL6422Z,467797126395,True,True,False,Pending,
CUST00005881,AIEHK2839L,671709756061,False,True,False,Pending,
CUST00005882,GIWNP7554F,357493369749,True,True,True,Verified,2026-02-28
CUST00005883,ZFWIT5795J,987916397545,False,True,False,Pending,
CUST00005884,VGNVD6575Q,861965444629,False,True,True,Pending,
CUST00005885,PGYXX9391H,601615533009,False,True,True,Pending,
CUST00005886,DUYHY6135A,786053710105,False,True,False,Pending,
CUST00005887,HXKBT6735B,175220344530,True,True,True,Verified,2022-02-08
CUST00005888,IPXRM4492U,238490079206,True,False,True,Pending,
CUST00005889,JUCIQ4583A,803338318875,True,True,True,Verified,2004-03-09
CUST00005890,FRSHF7617L,408747342554,True,True,True,Verified,2025-05-12
CUST00005891,VZTOG3720C,403366787922,False,True,False,Pending,
CUST00005892,XUNDE6792N,930712216140,True,True,True,Pending,
CUST00005893,XLPTL5189S,656792755379,False,False,True,Pending,
CUST00005894,EIQEH9063C,101190907400,False,False,True,Pending,
CUST00005895,FEVZU4962F,587313695059,True,False,True,Pending,
CUST00005896,CERLC8289M,414443834956,True,False,False,Pending,
CUST00005897,DQVUW7668V,732360403146,True,False,True,Pending,
CUST00005898,UMCWP3113V,846481240554,False,False,True,Pending,
CUST00005899,VEFEM2678M,410763438927,False,False,True,Pending,
CUST00005900,UWMUB9827H,235588391077,True,False,True,Pending,
CUST00005901,HEWSL8802T,456667185802,False,True,False,Pending,
CUST00005902,BHCVD6908Q,788942083239,False,True,True,Pending,
CUST00005903,HRHAG9166S,142597456640,False,False,False,Pending,
CUST00005904,DQMCW8103C,371531373643,True,True,False,Pending,
CUST00005905,OSNOG6926U,536850923141,False,True,True,Pending,
CUST00005906,WBENR9278I,430561136528,False,True,False,Pending,
CUST00005907,QDVCG5022G,221584204435,True,False,True,Pending,
CUST00005908,OPTDX6447S,587279951608,False,True,True,Pending,
CUST00005909,XMCOM2865E,819262149566,True,False,False,Pending,
CUST00005910,ZLZLX8183D,966211451173,False,False,False,Rejected,2013-04-07
CUST00005911,TUHJO8315X,567551127725,False,False,True,Pending,
CUST00005912,TVUJP4375E,706942435202,False,False,False,Rejected,2019-07-25
CUST00005913,FTQAD5152I,157316441532,False,False,False,Pending,
CUST00005914,UHOEJ1956X,417201621252,True,True,True,Verified,2021-01-23
CUST00005915,AWBHR9648O,632346421298,False,True,True,Pending,
CUST00005916,GJQVA5488Y,929265326309,True,True,True,Pending,
CUST00005917,JZKKX5568L,502371766291,True,False,False,Pending,
CUST00005918,MZYEC6157E,443430852885,True,True,False,Pending,
CUST00005919,MRCEB3007P,076425874839,True,True,True,Verified,2025-12-06
CUST00005920,IRGDC1627Q,051322453263,True,True,False,Pending,
CUST00005921,NGQMP5613K,718644730475,False,False,True,Pending,
CUST00005922,HXDQS5924V,888325348874,True,True,True,Verified,2026-01-09
CUST00005923,PUMKS3585H,186926383413,False,False,False,Pending,
CUST00005924,WVGRQ9560N,764981815903,True,True,False,Pending,
CUST00005925,CMWAB9574V,983009282922,False,False,False,Rejected,2021-11-13
CUST00005926,SUACJ1237B,064622339036,False,True,False,Pending,
CUST00005927,OFTQC8245S,864763713586,False,True,True,Pending,
CUST00005928,NGZFW3910R,017116126313,False,False,False,Pending,
CUST00005929,CJEBW2949Q,891028322820,True,True,True,Verified,2021-11-25
CUST00005930,OAGTU2230R,435291613826,True,True,False,Pending,
CUST00005931,FLLJU3321P,815479878788,True,False,False,Pending,
CUST00005932,SXNNG5118X,777362145245,False,False,False,Pending,
CUST00005933,YSYEJ1048O,776036967057,True,False,True,Pending,
CUST00005934,HYCYW3544D,051840104415,True,True,False,Pending,
CUST00005935,RRUBH2685S,700584933461,True,False,True,Pending,
CUST00005936,TUBEU2262R,312353638536,False,False,False,Pending,
CUST00005937,BJKIQ8096S,038315410759,False,True,True,Pending,
CUST00005938,JLQWW6248Q,686595474099,False,False,False,Rejected,2025-06-22
CUST00005939,JDDFZ4149O,709945791483,False,True,True,Pending,
CUST00005940,HVSCG6696I,302350031108,True,True,True,Pending,
CUST00005941,JGYXR9837L,144590632921,False,False,False,Rejected,1999-05-29
CUST00005942,SSUPN9972B,700246767256,False,True,False,Pending,
CUST00005943,CHULR4564T,406107930462,True,False,True,Pending,
CUST00005944,IHIBV1902K,259722396154,True,True,False,Pending,
CUST00005945,KIBSJ5659Y,772119605646,False,True,False,Pending,
CUST00005946,GREOB7423R,508392478902,False,False,False,Pending,
CUST00005947,WYSGI8049X,719609229121,False,False,False,Pending,
CUST00005948,QTCHO5371U,491507546189,False,False,True,Pending,
CUST00005949,NWJHR8457A,053656444737,False,False,False,Pending,
CUST00005950,UBFLY2356E,006854394594,True,False,False,Pending,
CUST00005951,YBZXD6521C,652149010766,False,False,False,Rejected,2017-07-21
CUST00005952,EELCO1385V,822000911720,False,True,True,Pending,
CUST00005953,NCYGE8394D,016267261734,True,True,False,Pending,
CUST00005954,PRYSU2892U,666490051191,True,False,False,Pending,
CUST00005955,YGAGL3544B,712931916342,True,False,True,Pending,
CUST00005956,ZEERT1801Z,778312093604,False,True,False,Pending,
CUST00005957,VNEHB4081E,798972329235,True,False,False,Pending,
CUST00005958,PXREW1410S,765789989914,False,False,True,Pending,
CUST00005959,LULGD8363A,999478226016,False,True,True,Pending,
CUST00005960,FCBOX2619K,637208868793,True,True,True,Pending,
CUST00005961,PGCEL5745J,256470822904,False,False,False,Pending,
CUST00005962,YOSNY9555X,821308030373,False,False,True,Pending,
CUST00005963,CIVWB6002G,600517951735,False,True,False,Pending,
CUST00005964,NZTRR5096V,915556513991,True,True,False,Pending,
CUST00005965,CIGDP6112O,885370946319,False,True,False,Pending,
CUST00005966,QCRIC8985S,621354337072,False,True,True,Pending,
CUST00005967,GFSVR6168O,072002849531,True,True,False,Pending,
CUST00005968,XSZDG6324F,422877664631,False,True,True,Pending,
CUST00005969,SDHQQ7746X,981631162448,False,True,False,Pending,
CUST00005970,LDQQF8036H,855970456814,True,False,False,Pending,
CUST00005971,ZIATL6144U,701088626024,True,True,True,Verified,2012-03-28
CUST00005972,JXSON9436F,463683736921,True,False,True,Pending,
CUST00005973,SQQAJ8260U,087683611328,False,False,True,Pending,
CUST00005974,MPXTA3617Y,940596352491,False,False,True,Pending,
CUST00005975,TJURO8160C,881723036214,False,True,False,Pending,
CUST00005976,KQFTH6526Z,863810137221,False,False,True,Pending,
CUST00005977,HDVSL8117U,533115159996,True,True,False,Pending,
CUST00005978,AURZV7123A,905779137174,False,True,True,Pending,
CUST00005979,ZMANY2759M,461288374805,True,True,True,Pending,
CUST00005980,NLQEL3004Z,977967745772,True,True,True,Verified,2025-11-27
CUST00005981,DDKXY8554Y,463881437867,False,True,True,Pending,
CUST00005982,FFJOQ8794B,995136159263,False,False,False,Pending,
CUST00005983,QYOAQ7188F,254273930910,True,False,True,Pending,
CUST00005984,LYYKA2059N,079971328407,True,True,False,Pending,
CUST00005985,PAGOW9229O,413276190298,True,True,False,Pending,
CUST00005986,FLLFO1509C,709927933584,False,False,True,Pending,
CUST00005987,AIPFA2705X,599210862640,True,True,False,Pending,
CUST00005988,KVTWH3093Z,747036204802,False,False,True,Pending,
CUST00005989,DMTBN4940W,160050871496,False,True,False,Pending,
CUST00005990,FGSQH9167T,812522032085,True,False,False,Pending,
CUST00005991,APRME3740U,663118901657,True,True,True,Verified,2013-08-01
CUST00005992,BCGUA5400G,183078371491,True,True,True,Pending,
CUST00005993,ADVVN4820X,589006515153,False,True,True,Pending,
CUST00005994,TLSBD4685A,268672852360,True,False,False,Pending,
CUST00005995,FNCSK8552S,173247646236,True,False,False,Pending,
CUST00005996,LMVGQ5941N,661910385230,True,True,False,Pending,
CUST00005997,UWELI7915K,624486517446,False,True,True,Pending,
CUST00005998,JKMSJ3516C,060440248074,False,True,True,Pending,
CUST00005999,OLNTN9723N,669715062913,True,False,True,Pending,
CUST00006000,UNCWL3656L,809353720504,False,False,True,Pending,
