loan_id,customer_id,loan_type,principal_amount,interest_rate,tenure_months,emi_amount,loan_status,disbursement_date,created_at,updated_at,source_system
LN00002501,CUST00005473,Personal Loan,467165.25,16.21,40,15194.05,Active,2018-08-23,2026-08-03 12:15:32.535624,,Loan Management System
LN00002502,CUST00005592,Personal Loan,1393877.88,16.0,39,46067.22,Pending,2016-07-01,2026-08-03 12:15:32.536657,,Loan Management System
LN00002503,CUST00005777,Home Loan,5828696.57,9.54,302,51005.15,Closed,2016-06-24,2026-08-03 12:15:32.536657,,Loan Management System
LN00002504,CUST00005103,Home Loan,1572573.83,12.58,129,22291.95,Closed,2020-05-02,2026-08-03 12:15:32.536657,,Loan Management System
LN00002505,CUST00005409,Business Loan,3172572.64,10.53,85,53114.78,Closed,2025-12-15,2026-08-03 12:15:32.536657,,Loan Management System
LN00002506,CUST00005447,Car Loan,2950053.22,16.52,41,94640.22,Active,2015-04-30,2026-08-03 12:15:32.536657,,Loan Management System
LN00002507,CUST00005224,Personal Loan,1064407.75,15.23,33,39680.77,Active,2019-02-19,2026-08-03 12:15:32.537666,,Loan Management System
LN00002508,CUST00005841,Personal Loan,1339073.75,6.59,59,26632.97,Active,2019-05-21,2026-08-03 12:15:32.537666,,Loan Management System
LN00002509,CUST00005838,Personal Loan,1322504.96,6.61,22,63995.02,Closed,2020-07-31,2026-08-03 12:15:32.537666,,Loan Management System
LN00002510,CUST00005292,Car Loan,1404349.87,12.43,65,29796.43,Closed,2019-02-15,2026-08-03 12:15:32.537666,,Loan Management System
LN00002511,CUST00005953,Education Loan,972547.67,9.92,126,12453.18,Active,2020-12-18,2026-08-03 12:15:32.537666,,Loan Management System
LN00002512,CUST00005545,Car Loan,2180159.66,13.87,12,195616.92,Active,2017-05-08,2026-08-03 12:15:32.538671,,Loan Management System
LN00002513,CUST00005698,Home Loan,3245883.85,15.55,142,50114.22,Defaulted,2025-08-20,2026-08-03 12:15:32.538671,,Loan Management System
LN00002514,CUST00005484,Home Loan,1369652.97,15.16,280,17833.7,Closed,2022-06-19,2026-08-03 12:15:32.538671,,Loan Management System
LN00002515,CUST00005239,Personal Loan,591622.48,12.78,17,38231.21,Written Off,2019-01-05,2026-08-03 12:15:32.538671,,Loan Management System
LN00002516,CUST00005671,Business Loan,11594582.14,11.18,32,420694.8,Written Off,2015-06-04,2026-08-03 12:15:32.538671,,Loan Management System
LN00002517,CUST00005661,Business Loan,17470686.23,13.71,73,354128.9,Active,2012-10-23,2026-08-03 12:15:32.538671,,Loan Management System
LN00002518,CUST00005827,Car Loan,2000267.92,10.06,31,73540.56,Closed,2021-02-16,2026-08-03 12:15:32.539663,,Loan Management System
LN00002519,CUST00005143,Personal Loan,1070242.22,6.73,17,66180.48,Active,2019-07-14,2026-08-03 12:15:32.539663,,Loan Management System
LN00002520,CUST00005248,Education Loan,2197765.45,6.86,80,34308.28,Active,2016-01-29,2026-08-03 12:15:32.539663,,Loan Management System
LN00002521,CUST00005513,Car Loan,796401.88,9.55,49,19691.34,Active,2014-12-08,2026-08-03 12:15:32.540254,,Loan Management System
LN00002522,CUST00005544,Business Loan,3524988.26,8.09,113,44671.11,Defaulted,2022-09-28,2026-08-03 12:15:32.540254,,Loan Management System
LN00002523,CUST00005844,Car Loan,2963275.04,9.72,23,141731.33,Closed,2019-08-22,2026-08-03 12:15:32.540254,,Loan Management System
LN00002524,CUST00005842,Car Loan,2799460.44,11.95,46,76154.63,Active,2022-03-11,2026-08-03 12:15:32.540254,,Loan Management System
LN00002525,CUST00005254,Home Loan,6429287.39,16.28,195,94016.03,Active,2023-05-31,2026-08-03 12:15:32.540254,,Loan Management System
LN00002526,CUST00005262,Home Loan,3721049.34,9.91,203,37859.82,Active,2012-05-13,2026-08-03 12:15:32.540254,,Loan Management System
LN00002527,CUST00005995,Education Loan,2979856.48,14.4,60,69955.54,Closed,2015-12-15,2026-08-03 12:15:32.541343,,Loan Management System
LN00002528,CUST00005135,Home Loan,6484614.27,15.97,350,87151.94,Closed,2013-07-04,2026-08-03 12:15:32.541343,,Loan Management System
LN00002529,CUST00005119,Car Loan,1372213.79,13.27,82,25539.07,Defaulted,2014-04-18,2026-08-03 12:15:32.541343,,Loan Management System
LN00002530,CUST00005459,Car Loan,2580472.15,9.62,17,162977.43,Active,2020-07-29,2026-08-03 12:15:32.541343,,Loan Management System
LN00002531,CUST00005139,Education Loan,3252558.35,8.34,158,33981.32,Active,2024-02-13,2026-08-03 12:15:32.541343,,Loan Management System
LN00002532,CUST00005323,Education Loan,2005018.1,14.04,100,34120.87,Pending,2026-03-12,2026-08-03 12:15:32.541343,,Loan Management System
LN00002533,CUST00005495,Car Loan,808027.27,13.94,30,32054.17,Active,2013-11-20,2026-08-03 12:15:32.542352,,Loan Management System
LN00002534,CUST00005236,Personal Loan,1495303.36,17.49,60,37557.24,Active,2025-02-26,2026-08-03 12:15:32.542352,,Loan Management System
LN00002535,CUST00005780,Personal Loan,1290921.24,15.7,28,55361.18,Active,2023-04-03,2026-08-03 12:15:32.542352,,Loan Management System
LN00002536,CUST00005280,Car Loan,2900245.85,15.19,23,146134.09,Active,2025-08-08,2026-08-03 12:15:32.542352,,Loan Management System
LN00002537,CUST00005985,Business Loan,1506625.83,8.82,84,24102.82,Defaulted,2013-09-15,2026-08-03 12:15:32.542352,,Loan Management System
LN00002538,CUST00005447,Personal Loan,1068494.89,8.36,53,24180.08,Active,2013-12-01,2026-08-03 12:15:32.543357,,Loan Management System
LN00002539,CUST00005646,Home Loan,2122995.87,14.85,81,41653.53,Closed,2023-04-30,2026-08-03 12:15:32.543357,,Loan Management System
LN00002540,CUST00005113,Gold Loan,2371819.92,11.22,12,209868.85,Closed,2017-07-20,2026-08-03 12:15:32.543357,,Loan Management System
LN00002541,CUST00005101,Education Loan,3641309.0,11.66,171,43754.9,Active,2017-11-02,2026-08-03 12:15:32.543357,,Loan Management System
LN00002542,CUST00005842,Car Loan,851625.21,13.61,65,18590.33,Closed,2021-05-26,2026-08-03 12:15:32.543357,,Loan Management System
LN00002543,CUST00005873,Personal Loan,732266.34,9.49,18,43806.02,Active,2022-09-07,2026-08-03 12:15:32.543357,,Loan Management System
LN00002544,CUST00005020,Car Loan,2506367.31,17.37,26,116361.64,Active,2017-10-27,2026-08-03 12:15:32.544358,,Loan Management System
LN00002545,CUST00005882,Personal Loan,465967.74,14.61,31,18136.05,Active,2022-02-03,2026-08-03 12:15:32.544358,,Loan Management System
LN00002546,CUST00005754,Car Loan,2290664.81,15.88,27,101450.9,Active,2015-07-06,2026-08-03 12:15:32.544358,,Loan Management System
LN00002547,CUST00005766,Car Loan,1509848.04,14.4,67,32923.11,Active,2026-05-29,2026-08-03 12:15:32.544358,,Loan Management System
LN00002548,CUST00005802,Gold Loan,1398403.63,10.74,19,80363.4,Active,2022-05-23,2026-08-03 12:15:32.544358,,Loan Management System
LN00002549,CUST00005457,Education Loan,1814392.54,17.35,42,57938.0,Active,2015-06-17,2026-08-03 12:15:32.544358,,Loan Management System
LN00002550,CUST00005830,Business Loan,11282010.26,8.46,31,406428.64,Active,2018-05-11,2026-08-03 12:15:32.545363,,Loan Management System
LN00002551,CUST00005106,Home Loan,2778526.46,16.52,139,44974.34,Active,2019-03-28,2026-08-03 12:15:32.545363,,Loan Management System
LN00002552,CUST00005757,Personal Loan,1023623.19,10.44,29,40089.67,Closed,2019-09-08,2026-08-03 12:15:32.545363,,Loan Management System
LN00002553,CUST00005131,Business Loan,18440395.7,11.58,68,371079.65,Active,2012-06-08,2026-08-03 12:15:32.545363,,Loan Management System
LN00002554,CUST00005486,Education Loan,536896.52,10.5,139,6691.24,Pending,2023-06-28,2026-08-03 12:15:32.545363,,Loan Management System
LN00002555,CUST00005526,Personal Loan,100712.91,12.65,13,8330.81,Defaulted,2014-03-10,2026-08-03 12:15:32.546288,,Loan Management System
LN00002556,CUST00005465,Personal Loan,590459.86,9.78,52,13976.09,Active,2024-07-03,2026-08-03 12:15:32.546288,,Loan Management System
LN00002557,CUST00005747,Home Loan,7718886.95,12.09,75,147147.11,Active,2011-12-10,2026-08-03 12:15:32.546288,,Loan Management System
LN00002558,CUST00005433,Personal Loan,243638.69,8.43,20,13100.42,Closed,2024-11-05,2026-08-03 12:15:32.546288,,Loan Management System
LN00002559,CUST00005026,Home Loan,6189425.39,9.26,186,62791.43,Active,2026-04-09,2026-08-03 12:15:32.546288,,Loan Management System
LN00002560,CUST00005257,Education Loan,3889052.6,8.07,124,46336.48,Closed,2017-04-11,2026-08-03 12:15:32.547825,,Loan Management System
LN00002561,CUST00005175,Business Loan,5038198.32,12.64,107,78725.46,Active,2015-11-05,2026-08-03 12:15:32.547825,,Loan Management System
LN00002562,CUST00005398,Car Loan,2652100.97,7.07,17,164407.72,Closed,2017-01-08,2026-08-03 12:15:32.547825,,Loan Management System
LN00002563,CUST00005372,Personal Loan,734275.47,13.11,41,22314.62,Active,2024-07-26,2026-08-03 12:15:32.547825,,Loan Management System
LN00002564,CUST00005740,Personal Loan,274925.8,10.67,29,10796.8,Closed,2016-03-10,2026-08-03 12:15:32.547825,,Loan Management System
LN00002565,CUST00005502,Home Loan,4814737.98,10.05,311,43580.51,Written Off,2011-09-22,2026-08-03 12:15:32.548832,,Loan Management System
LN00002566,CUST00005364,Gold Loan,1721791.38,14.35,31,66798.84,Active,2014-07-06,2026-08-03 12:15:32.548832,,Loan Management System
LN00002567,CUST00005890,Personal Loan,192228.04,11.68,33,6838.66,Pending,2024-02-13,2026-08-03 12:15:32.548832,,Loan Management System
LN00002568,CUST00005549,Home Loan,8958563.4,14.53,255,113758.95,Active,2018-11-26,2026-08-03 12:15:32.548832,,Loan Management System
LN00002569,CUST00005840,Business Loan,3178393.79,11.11,56,72992.64,Active,2012-11-01,2026-08-03 12:15:32.548832,,Loan Management System
LN00002570,CUST00005597,Gold Loan,1053696.8,15.56,26,48001.13,Active,2016-01-08,2026-08-03 12:15:32.548832,,Loan Management System
LN00002571,CUST00005933,Gold Loan,1635507.16,16.99,12,149158.26,Active,2020-11-23,2026-08-03 12:15:32.549829,,Loan Management System
LN00002572,CUST00005469,Business Loan,517327.93,13.84,81,9862.11,Active,2011-09-29,2026-08-03 12:15:32.549829,,Loan Management System
LN00002573,CUST00005716,Home Loan,6377224.31,9.88,159,72075.29,Active,2014-09-09,2026-08-03 12:15:32.549829,,Loan Management System
LN00002574,CUST00005170,Home Loan,8390531.96,9.52,277,74964.19,Written Off,2025-07-02,2026-08-03 12:15:32.550419,,Loan Management System
LN00002575,CUST00005396,Business Loan,15181684.05,10.04,97,229139.08,Active,2025-04-11,2026-08-03 12:15:32.550419,,Loan Management System
LN00002576,CUST00005307,Car Loan,2140769.23,7.33,58,43944.79,Active,2014-05-04,2026-08-03 12:15:32.550419,,Loan Management System
LN00002577,CUST00005242,Car Loan,224516.62,14.65,37,7577.68,Closed,2021-05-02,2026-08-03 12:15:32.550419,,Loan Management System
LN00002578,CUST00005216,Personal Loan,1180925.33,14.71,13,98825.14,Active,2025-05-25,2026-08-03 12:15:32.550419,,Loan Management System
LN00002579,CUST00005068,Personal Loan,784536.0,12.39,26,34560.21,Active,2020-09-27,2026-08-03 12:15:32.550419,,Loan Management System
LN00002580,CUST00005519,Business Loan,14207543.56,16.57,92,273684.12,Closed,2018-12-12,2026-08-03 12:15:32.551512,,Loan Management System
LN00002581,CUST00005350,Home Loan,760250.13,12.35,143,10178.09,Closed,2018-11-26,2026-08-03 12:15:32.551512,,Loan Management System
LN00002582,CUST00005990,Home Loan,8619519.93,13.06,188,107910.76,Active,2013-10-29,2026-08-03 12:15:32.551512,,Loan Management System
LN00002583,CUST00005270,Personal Loan,531048.3,15.86,28,22814.96,Written Off,2020-05-12,2026-08-03 12:15:32.551512,,Loan Management System
LN00002584,CUST00005483,Car Loan,2564293.6,12.62,34,90097.89,Pending,2024-07-25,2026-08-03 12:15:32.551512,,Loan Management System
LN00002585,CUST00005595,Home Loan,9752468.22,8.03,232,82904.16,Closed,2018-09-18,2026-08-03 12:15:32.551512,,Loan Management System
LN00002586,CUST00005980,Car Loan,1691900.61,14.24,13,141211.98,Active,2024-03-10,2026-08-03 12:15:32.552518,,Loan Management System
LN00002587,CUST00005447,Personal Loan,803922.72,16.27,20,46162.3,Active,2024-03-05,2026-08-03 12:15:32.552518,,Loan Management System
LN00002588,CUST00005962,Personal Loan,359102.58,13.02,37,11835.47,Defaulted,2017-01-26,2026-08-03 12:15:32.552518,,Loan Management System
LN00002589,CUST00005009,Personal Loan,970466.5,9.21,21,50213.59,Pending,2015-05-24,2026-08-03 12:15:32.552518,,Loan Management System
LN00002590,CUST00005735,Home Loan,6978831.24,9.22,169,73888.58,Active,2015-08-19,2026-08-03 12:15:32.552518,,Loan Management System
LN00002591,CUST00005877,Gold Loan,1440046.53,8.74,13,116502.33,Active,2016-08-24,2026-08-03 12:15:32.552518,,Loan Management System
LN00002592,CUST00005182,Business Loan,6293409.14,14.98,112,104639.41,Active,2021-01-12,2026-08-03 12:15:32.553514,,Loan Management System
LN00002593,CUST00005425,Education Loan,908170.29,8.61,112,11826.01,Pending,2017-08-18,2026-08-03 12:15:32.553514,,Loan Management System
LN00002594,CUST00005195,Personal Loan,1304899.96,17.22,42,41582.36,Active,2014-11-24,2026-08-03 12:15:32.553514,,Loan Management System
LN00002595,CUST00005879,Education Loan,718505.93,17.24,72,16080.35,Closed,2017-11-23,2026-08-03 12:15:32.553514,,Loan Management System
LN00002596,CUST00005266,Education Loan,3351604.32,7.43,168,32149.7,Written Off,2021-05-27,2026-08-03 12:15:32.553514,,Loan Management System
LN00002597,CUST00005853,Car Loan,2086324.16,17.62,27,94156.42,Closed,2021-10-25,2026-08-03 12:15:32.553514,,Loan Management System
LN00002598,CUST00005710,Car Loan,2102486.27,16.21,31,83461.38,Active,2023-08-14,2026-08-03 12:15:32.554527,,Loan Management System
LN00002599,CUST00005798,Personal Loan,1364744.94,14.55,30,54538.0,Defaulted,2026-06-03,2026-08-03 12:15:32.554527,,Loan Management System
LN00002600,CUST00005733,Personal Loan,1132805.91,9.12,48,28254.51,Closed,2022-06-30,2026-08-03 12:15:32.554527,,Loan Management System
LN00002601,CUST00005866,Car Loan,2504353.46,8.67,24,114031.93,Active,2024-12-08,2026-08-03 12:15:32.554527,,Loan Management System
LN00002602,CUST00005282,Car Loan,418100.31,17.81,68,9806.29,Active,2011-09-08,2026-08-03 12:15:32.554527,,Loan Management System
LN00002603,CUST00005404,Home Loan,9665306.79,17.18,83,199768.26,Active,2016-10-07,2026-08-03 12:15:32.555519,,Loan Management System
LN00002604,CUST00005484,Home Loan,4779075.49,7.78,204,42304.15,Closed,2022-12-13,2026-08-03 12:15:32.555519,,Loan Management System
LN00002605,CUST00005933,Home Loan,9591396.93,17.91,184,153183.05,Written Off,2012-09-12,2026-08-03 12:15:32.555519,,Loan Management System
LN00002606,CUST00005885,Business Loan,3454349.54,14.13,42,104727.03,Closed,2016-02-23,2026-08-03 12:15:32.555519,,Loan Management System
LN00002607,CUST00005144,Gold Loan,237155.11,17.21,5,49491.11,Active,2016-07-03,2026-08-03 12:15:32.555519,,Loan Management System
LN00002608,CUST00005921,Education Loan,2857991.91,16.82,42,90493.56,Written Off,2019-04-19,2026-08-03 12:15:32.555519,,Loan Management System
LN00002609,CUST00005943,Car Loan,2923529.6,17.79,47,86811.8,Active,2024-12-24,2026-08-03 12:15:32.556516,,Loan Management System
LN00002610,CUST00005781,Business Loan,6859279.8,13.18,42,204750.58,Written Off,2026-03-08,2026-08-03 12:15:32.556516,,Loan Management System
LN00002611,CUST00005598,Gold Loan,2423642.67,13.9,17,157886.01,Closed,2014-05-03,2026-08-03 12:15:32.556516,,Loan Management System
LN00002612,CUST00005945,Home Loan,5542846.8,17.01,101,103561.54,Active,2026-05-01,2026-08-03 12:15:32.556516,,Loan Management System
LN00002613,CUST00005369,Home Loan,5550759.43,16.08,135,89163.24,Defaulted,2025-11-29,2026-08-03 12:15:32.556516,,Loan Management System
LN00002614,CUST00005868,Car Loan,2778501.03,12.22,57,64494.8,Closed,2013-10-30,2026-08-03 12:15:32.556516,,Loan Management System
LN00002615,CUST00005224,Personal Loan,547395.53,7.15,16,35970.66,Pending,2013-11-05,2026-08-03 12:15:32.557515,,Loan Management System
LN00002616,CUST00005591,Business Loan,11759172.42,9.94,30,444302.92,Closed,2013-02-21,2026-08-03 12:15:32.557515,,Loan Management System
LN00002617,CUST00005519,Business Loan,5693425.39,13.1,54,140104.34,Pending,2016-04-18,2026-08-03 12:15:32.557515,,Loan Management System
LN00002618,CUST00005779,Education Loan,685628.69,17.42,59,17378.41,Active,2024-05-27,2026-08-03 12:15:32.557515,,Loan Management System
LN00002619,CUST00005083,Gold Loan,1939995.02,16.96,31,77721.94,Active,2023-09-09,2026-08-03 12:15:32.557515,,Loan Management System
LN00002620,CUST00005683,Home Loan,4155519.21,13.64,236,50758.7,Closed,2018-12-04,2026-08-03 12:15:32.557515,,Loan Management System
LN00002621,CUST00005688,Home Loan,5877196.84,15.84,355,78323.91,Active,2021-09-05,2026-08-03 12:15:32.558514,,Loan Management System
LN00002622,CUST00005588,Car Loan,691458.48,15.42,64,15914.36,Active,2023-08-16,2026-08-03 12:15:32.558514,,Loan Management System
LN00002623,CUST00005687,Gold Loan,523955.47,17.14,15,39053.72,Closed,2018-05-02,2026-08-03 12:15:32.558514,,Loan Management System
LN00002624,CUST00005532,Car Loan,2196319.13,11.22,56,50558.71,Active,2022-08-03,2026-08-03 12:15:32.558514,,Loan Management System
LN00002625,CUST00005241,Education Loan,3206507.92,11.98,133,43661.07,Active,2017-12-10,2026-08-03 12:15:32.558514,,Loan Management System
LN00002626,CUST00005459,Education Loan,712209.83,7.78,142,7688.8,Active,2020-11-15,2026-08-03 12:15:32.559525,,Loan Management System
LN00002627,CUST00005720,Personal Loan,772197.01,12.26,59,17491.41,Active,2026-03-22,2026-08-03 12:15:32.559525,,Loan Management System
LN00002628,CUST00005951,Car Loan,1791443.37,17.46,53,48725.82,Active,2012-12-16,2026-08-03 12:15:32.559525,,Loan Management System
LN00002629,CUST00005069,Education Loan,2142732.75,6.68,107,26632.13,Active,2024-12-15,2026-08-03 12:15:32.559525,,Loan Management System
LN00002630,CUST00005658,Car Loan,509274.66,17.2,28,22209.98,Closed,2022-09-01,2026-08-03 12:15:32.560120,,Loan Management System
LN00002631,CUST00005176,Personal Loan,316148.91,13.55,40,9866.35,Active,2021-04-07,2026-08-03 12:15:32.560120,,Loan Management System
LN00002632,CUST00005488,Car Loan,1424788.42,15.96,42,44495.3,Active,2022-10-25,2026-08-03 12:15:32.560120,,Loan Management System
LN00002633,CUST00005132,Home Loan,3949677.6,9.9,337,34765.86,Defaulted,2018-07-06,2026-08-03 12:15:32.560120,,Loan Management System
LN00002634,CUST00005978,Home Loan,9305921.5,8.54,63,183809.09,Active,2014-03-02,2026-08-03 12:15:32.560120,,Loan Management System
LN00002635,CUST00005945,Home Loan,8956651.03,9.39,247,82052.2,Closed,2014-05-09,2026-08-03 12:15:32.560120,,Loan Management System
LN00002636,CUST00005784,Personal Loan,448765.68,16.44,43,13879.86,Active,2025-11-15,2026-08-03 12:15:32.561213,,Loan Management System
LN00002637,CUST00005839,Car Loan,1016732.26,7.65,21,51882.88,Written Off,2026-06-01,2026-08-03 12:15:32.561213,,Loan Management System
LN00002638,CUST00005849,Car Loan,375764.16,13.15,39,11891.97,Closed,2019-12-15,2026-08-03 12:15:32.561213,,Loan Management System
LN00002639,CUST00005292,Personal Loan,1176106.53,12.87,26,52075.06,Defaulted,2026-05-23,2026-08-03 12:15:32.561213,,Loan Management System
LN00002640,CUST00005069,Home Loan,827805.51,15.36,323,10773.0,Active,2019-11-06,2026-08-03 12:15:32.561213,,Loan Management System
LN00002641,CUST00005754,Personal Loan,1101336.04,11.01,16,74324.18,Active,2022-04-02,2026-08-03 12:15:32.562227,,Loan Management System
LN00002642,CUST00005780,Home Loan,1138340.2,7.93,162,11467.79,Active,2016-07-28,2026-08-03 12:15:32.562227,,Loan Management System
LN00002643,CUST00005098,Personal Loan,413450.54,14.06,18,25610.49,Active,2019-09-16,2026-08-03 12:15:32.562227,,Loan Management System
LN00002644,CUST00005617,Personal Loan,1403271.6,7.64,54,30790.88,Active,2017-03-17,2026-08-03 12:15:32.562227,,Loan Management System
LN00002645,CUST00005142,Education Loan,2558785.3,15.91,89,49143.72,Active,2025-09-23,2026-08-03 12:15:32.562227,,Loan Management System
LN00002646,CUST00005374,Education Loan,2594186.43,13.39,90,45828.16,Active,2020-03-03,2026-08-03 12:15:32.563126,,Loan Management System
LN00002647,CUST00005561,Home Loan,1829897.16,13.37,109,29079.18,Closed,2025-11-19,2026-08-03 12:15:32.563126,,Loan Management System
LN00002648,CUST00005716,Business Loan,11108218.34,7.64,108,142550.37,Closed,2022-07-11,2026-08-03 12:15:32.563126,,Loan Management System
LN00002649,CUST00005413,Gold Loan,401866.33,14.64,5,83338.71,Active,2026-04-16,2026-08-03 12:15:32.563126,,Loan Management System
LN00002650,CUST00005533,Home Loan,9413285.28,9.79,70,177042.14,Active,2016-11-09,2026-08-03 12:15:32.563126,,Loan Management System
LN00002651,CUST00005320,Business Loan,7278293.2,6.65,81,111770.73,Closed,2014-02-16,2026-08-03 12:15:32.564219,,Loan Management System
LN00002652,CUST00005440,Home Loan,1553432.37,9.09,276,13441.81,Closed,2025-11-30,2026-08-03 12:15:32.564219,,Loan Management System
LN00002653,CUST00005722,Education Loan,2974463.12,10.23,130,37942.45,Closed,2021-09-16,2026-08-03 12:15:32.564219,,Loan Management System
LN00002654,CUST00005012,Personal Loan,585677.51,9.97,27,24305.26,Defaulted,2019-09-02,2026-08-03 12:15:32.564219,,Loan Management System
LN00002655,CUST00005882,Education Loan,728931.4,7.34,52,16407.68,Closed,2023-07-23,2026-08-03 12:15:32.564219,,Loan Management System
LN00002656,CUST00005629,Business Loan,7405541.29,14.88,15,544085.57,Closed,2021-02-17,2026-08-03 12:15:32.565176,,Loan Management System
LN00002657,CUST00005489,Home Loan,9019004.04,13.02,132,128865.33,Closed,2011-12-04,2026-08-03 12:15:32.565176,,Loan Management System
LN00002658,CUST00005515,Business Loan,1480366.54,12.77,52,37215.58,Closed,2013-02-21,2026-08-03 12:15:32.565176,,Loan Management System
LN00002659,CUST00005463,Home Loan,3931448.8,10.15,326,35534.67,Closed,2014-08-29,2026-08-03 12:15:32.565176,,Loan Management System
LN00002660,CUST00005805,Education Loan,3801889.17,16.61,168,58427.21,Active,2020-06-03,2026-08-03 12:15:32.565176,,Loan Management System
LN00002661,CUST00005798,Home Loan,4087476.98,12.67,193,49703.96,Active,2025-02-19,2026-08-03 12:15:32.565176,,Loan Management System
LN00002662,CUST00005952,Car Loan,885885.57,15.89,14,69740.8,Active,2017-06-16,2026-08-03 12:15:32.566228,,Loan Management System
LN00002663,CUST00005682,Car Loan,2354157.88,14.88,53,60866.39,Defaulted,2020-09-26,2026-08-03 12:15:32.566228,,Loan Management System
LN00002664,CUST00005437,Education Loan,2969508.79,14.6,130,45594.66,Closed,2023-04-26,2026-08-03 12:15:32.566228,,Loan Management System
LN00002665,CUST00005193,Home Loan,9094354.22,13.81,254,110713.67,Active,2012-02-15,2026-08-03 12:15:32.566228,,Loan Management System
LN00002666,CUST00005395,Car Loan,243300.07,12.63,57,5697.81,Written Off,2014-07-23,2026-08-03 12:15:32.566228,,Loan Management System
LN00002667,CUST00005849,Business Loan,12636779.07,12.11,16,859246.9,Active,2016-02-05,2026-08-03 12:15:32.567221,,Loan Management System
LN00002668,CUST00005923,Home Loan,6361143.61,12.99,216,76317.2,Closed,2023-11-06,2026-08-03 12:15:32.567221,,Loan Management System
LN00002669,CUST00005363,Home Loan,4779178.32,6.58,314,31942.46,Closed,2022-11-17,2026-08-03 12:15:32.567221,,Loan Management System
LN00002670,CUST00005484,Personal Loan,1338266.66,6.55,35,42108.71,Active,2025-07-05,2026-08-03 12:15:32.567221,,Loan Management System
LN00002671,CUST00005250,Personal Loan,345955.48,7.08,37,10435.27,Active,2015-03-18,2026-08-03 12:15:32.567221,,Loan Management System
LN00002672,CUST00005589,Car Loan,942236.89,17.75,71,21526.92,Active,2013-10-30,2026-08-03 12:15:32.567221,,Loan Management System
LN00002673,CUST00005807,Home Loan,7636036.55,15.47,267,101770.13,Active,2016-02-07,2026-08-03 12:15:32.568222,,Loan Management System
LN00002674,CUST00005565,Car Loan,2427108.79,7.07,46,60389.99,Active,2023-03-18,2026-08-03 12:15:32.568222,,Loan Management System
LN00002675,CUST00005550,Personal Loan,1321654.07,9.2,18,78888.72,Closed,2025-01-30,2026-08-03 12:15:32.568222,,Loan Management System
LN00002676,CUST00005906,Business Loan,4595924.67,14.21,97,79942.0,Active,2016-07-27,2026-08-03 12:15:32.568222,,Loan Management System
LN00002677,CUST00005536,Business Loan,19309323.19,13.38,12,1728100.55,Active,2015-09-04,2026-08-03 12:15:32.568222,,Loan Management System
LN00002678,CUST00005055,Education Loan,1708677.28,15.49,83,33667.79,Closed,2016-11-24,2026-08-03 12:15:32.568222,,Loan Management System
LN00002679,CUST00005671,Personal Loan,584193.79,7.04,23,27226.21,Closed,2025-09-08,2026-08-03 12:15:32.568222,,Loan Management System
LN00002680,CUST00005734,Personal Loan,963740.22,14.41,31,37417.2,Closed,2018-04-22,2026-08-03 12:15:32.568222,,Loan Management System
LN00002681,CUST00005057,Personal Loan,130746.68,16.97,54,3478.54,Closed,2014-03-23,2026-08-03 12:15:32.568222,,Loan Management System
LN00002682,CUST00005539,Gold Loan,119830.57,8.19,34,3961.11,Active,2018-09-09,2026-08-03 12:15:32.569824,,Loan Management System
LN00002683,CUST00005501,Personal Loan,1497330.26,7.22,16,98440.9,Active,2013-12-08,2026-08-03 12:15:32.569995,,Loan Management System
LN00002684,CUST00005300,Home Loan,9013122.04,12.23,285,97264.76,Closed,2022-02-04,2026-08-03 12:15:32.569995,,Loan Management System
LN00002685,CUST00005836,Home Loan,1873235.97,13.18,247,22059.74,Active,2025-02-19,2026-08-03 12:15:32.569995,,Loan Management System
LN00002686,CUST00005799,Gold Loan,1687040.53,6.91,30,61393.09,Closed,2023-03-28,2026-08-03 12:15:32.569995,,Loan Management System
LN00002687,CUST00005660,Gold Loan,1944837.56,14.94,15,142942.17,Active,2023-06-27,2026-08-03 12:15:32.569995,,Loan Management System
LN00002688,CUST00005480,Home Loan,3966369.89,8.47,247,33975.59,Active,2020-02-14,2026-08-03 12:15:32.570829,,Loan Management System
LN00002689,CUST00005559,Car Loan,234960.68,7.41,14,17570.53,Active,2016-05-06,2026-08-03 12:15:32.570829,,Loan Management System
LN00002690,CUST00005830,Business Loan,8737066.89,11.72,118,125052.01,Active,2022-09-30,2026-08-03 12:15:32.570829,,Loan Management System
LN00002691,CUST00005661,Home Loan,8221744.47,12.52,129,116253.29,Active,2013-02-26,2026-08-03 12:15:32.570829,,Loan Management System
LN00002692,CUST00005347,Home Loan,1155901.64,14.16,145,16684.65,Active,2021-03-05,2026-08-03 12:15:32.570829,,Loan Management System
LN00002693,CUST00005600,Personal Loan,802703.24,15.96,17,53068.78,Active,2021-11-28,2026-08-03 12:15:32.570829,,Loan Management System
LN00002694,CUST00005092,Home Loan,9380352.13,6.93,266,69110.54,Active,2023-08-07,2026-08-03 12:15:32.571920,,Loan Management System
LN00002695,CUST00005179,Home Loan,5198730.32,13.09,342,58131.77,Closed,2020-08-29,2026-08-03 12:15:32.571920,,Loan Management System
LN00002696,CUST00005786,Home Loan,8082342.38,15.28,111,136400.97,Closed,2019-08-28,2026-08-03 12:15:32.571920,,Loan Management System
LN00002697,CUST00005158,Personal Loan,222990.91,12.56,49,5840.4,Closed,2016-03-12,2026-08-03 12:15:32.571920,,Loan Management System
LN00002698,CUST00005990,Business Loan,1467920.97,13.9,50,38841.3,Active,2015-05-07,2026-08-03 12:15:32.571920,,Loan Management System
LN00002699,CUST00005846,Gold Loan,2322524.62,6.7,35,73237.09,Active,2015-04-24,2026-08-03 12:15:32.571920,,Loan Management System
LN00002700,CUST00005181,Business Loan,732122.87,7.54,44,19096.98,Closed,2015-06-14,2026-08-03 12:15:32.572924,,Loan Management System
LN00002701,CUST00005927,Business Loan,3855351.98,17.05,59,96953.71,Active,2020-07-17,2026-08-03 12:15:32.572924,,Loan Management System
LN00002702,CUST00005846,Personal Loan,265289.63,11.76,43,7590.22,Active,2022-03-16,2026-08-03 12:15:32.572924,,Loan Management System
LN00002703,CUST00005061,Home Loan,2697991.36,13.87,302,32185.19,Defaulted,2024-07-12,2026-08-03 12:15:32.572924,,Loan Management System
LN00002704,CUST00005448,Personal Loan,561418.34,15.33,15,41366.25,Active,2026-01-21,2026-08-03 12:15:32.572924,,Loan Management System
LN00002705,CUST00005837,Business Loan,4886483.43,15.31,98,87645.66,Active,2018-02-26,2026-08-03 12:15:32.572924,,Loan Management System
LN00002706,CUST00005907,Personal Loan,719749.0,16.74,46,21305.48,Pending,2024-02-13,2026-08-03 12:15:32.573928,,Loan Management System
LN00002707,CUST00005945,Education Loan,1372142.26,11.44,54,32627.61,Active,2016-01-29,2026-08-03 12:15:32.573928,,Loan Management System
LN00002708,CUST00005771,Car Loan,314516.97,12.31,63,6802.8,Active,2015-12-10,2026-08-03 12:15:32.573928,,Loan Management System
LN00002709,CUST00005712,Car Loan,2870369.62,9.03,81,47455.95,Closed,2014-04-28,2026-08-03 12:15:32.573928,,Loan Management System
LN00002710,CUST00005309,Home Loan,2779583.63,12.56,153,36516.81,Active,2015-05-10,2026-08-03 12:15:32.573928,,Loan Management System
LN00002711,CUST00005224,Personal Loan,283513.18,9.74,56,6320.36,Active,2023-11-03,2026-08-03 12:15:32.574924,,Loan Management System
LN00002712,CUST00005482,Business Loan,663919.94,11.53,37,21407.13,Active,2017-05-09,2026-08-03 12:15:32.574924,,Loan Management System
LN00002713,CUST00005288,Car Loan,2180705.75,11.7,49,56190.98,Closed,2011-09-25,2026-08-03 12:15:32.574924,,Loan Management System
LN00002714,CUST00005139,Car Loan,2779192.99,10.25,78,48954.99,Closed,2016-08-17,2026-08-03 12:15:32.574924,,Loan Management System
LN00002715,CUST00005742,Home Loan,8567868.45,12.0,266,92214.73,Active,2017-09-12,2026-08-03 12:15:32.574924,,Loan Management System
LN00002716,CUST00005480,Personal Loan,175058.21,10.34,20,9566.34,Active,2016-05-11,2026-08-03 12:15:32.575925,,Loan Management System
LN00002717,CUST00005136,Education Loan,2818125.29,7.24,95,39060.52,Active,2014-05-05,2026-08-03 12:15:32.575925,,Loan Management System
LN00002718,CUST00005399,Personal Loan,1160920.59,12.12,51,29239.16,Active,2018-03-29,2026-08-03 12:15:32.575925,,Loan Management System
LN00002719,CUST00005256,Education Loan,1034639.91,8.64,89,15785.38,Active,2023-11-25,2026-08-03 12:15:32.575925,,Loan Management System
LN00002720,CUST00005946,Business Loan,5645114.39,14.43,92,101768.37,Active,2018-05-08,2026-08-03 12:15:32.575925,,Loan Management System
LN00002721,CUST00005562,Personal Loan,980905.11,16.55,27,43759.91,Active,2024-02-24,2026-08-03 12:15:32.576941,,Loan Management System
LN00002722,CUST00005711,Gold Loan,1002084.45,14.84,18,62439.39,Active,2023-12-28,2026-08-03 12:15:32.576941,,Loan Management System
LN00002723,CUST00005791,Education Loan,1792408.15,10.8,44,49514.02,Active,2023-04-09,2026-08-03 12:15:32.576941,,Loan Management System
LN00002724,CUST00005280,Home Loan,6274778.9,7.24,68,112770.01,Closed,2020-09-01,2026-08-03 12:15:32.576941,,Loan Management System
LN00002725,CUST00005267,Car Loan,1248133.87,11.56,47,33145.56,Active,2013-03-21,2026-08-03 12:15:32.576941,,Loan Management System
LN00002726,CUST00005991,Education Loan,856823.52,8.84,120,10779.82,Active,2023-04-03,2026-08-03 12:15:32.577913,,Loan Management System
LN00002727,CUST00005337,Personal Loan,318294.64,15.06,30,12797.82,Active,2016-02-15,2026-08-03 12:15:32.577913,,Loan Management System
LN00002728,CUST00005602,Business Loan,19790921.25,13.94,94,347117.14,Active,2012-11-14,2026-08-03 12:15:32.577913,,Loan Management System
LN00002729,CUST00005829,Car Loan,1988241.95,14.54,46,56636.0,Closed,2016-04-08,2026-08-03 12:15:32.577913,,Loan Management System
LN00002730,CUST00005740,Car Loan,2242548.95,8.37,22,110309.26,Pending,2022-04-21,2026-08-03 12:15:32.577913,,Loan Management System
LN00002731,CUST00005352,Car Loan,2793804.27,8.17,30,103276.48,Active,2025-08-03,2026-08-03 12:15:32.577913,,Loan Management System
LN00002732,CUST00005556,Education Loan,745316.87,12.43,149,9839.19,Active,2021-04-03,2026-08-03 12:15:32.578925,,Loan Management System
LN00002733,CUST00005693,Home Loan,8653513.33,15.42,344,112590.73,Defaulted,2024-11-01,2026-08-03 12:15:32.578925,,Loan Management System
LN00002734,CUST00005349,Home Loan,6986082.97,15.96,261,95966.23,Active,2020-09-13,2026-08-03 12:15:32.578925,,Loan Management System
LN00002735,CUST00005068,Personal Loan,1297924.8,7.48,41,35972.05,Defaulted,2021-05-10,2026-08-03 12:15:32.578925,,Loan Management System
LN00002736,CUST00005138,Gold Loan,866306.27,9.99,36,27949.2,Active,2013-12-01,2026-08-03 12:15:32.578925,,Loan Management System
LN00002737,CUST00005345,Business Loan,18393808.29,11.11,112,264531.62,Active,2018-09-16,2026-08-03 12:15:32.579830,,Loan Management System
LN00002738,CUST00005746,Home Loan,9686336.15,10.57,185,106308.15,Closed,2011-10-01,2026-08-03 12:15:32.579830,,Loan Management System
LN00002739,CUST00005977,Home Loan,3520315.06,17.99,329,53173.07,Active,2021-08-06,2026-08-03 12:15:32.579830,,Loan Management System
LN00002740,CUST00005473,Car Loan,2663236.81,11.23,41,78513.48,Active,2016-03-27,2026-08-03 12:15:32.580433,,Loan Management System
LN00002741,CUST00005781,Personal Loan,926361.2,11.51,50,23410.69,Written Off,2020-12-20,2026-08-03 12:15:32.580433,,Loan Management System
LN00002742,CUST00005719,Home Loan,4547416.02,9.56,168,49199.72,Closed,2017-12-11,2026-08-03 12:15:32.580433,,Loan Management System
LN00002743,CUST00005895,Home Loan,7246793.32,14.71,76,147111.36,Closed,2021-07-28,2026-08-03 12:15:32.581439,,Loan Management System
LN00002744,CUST00005202,Personal Loan,1356915.61,10.98,55,31507.95,Closed,2015-01-30,2026-08-03 12:15:32.581439,,Loan Management System
LN00002745,CUST00005967,Business Loan,1188315.97,9.13,84,19197.4,Active,2026-01-18,2026-08-03 12:15:32.581439,,Loan Management System
LN00002746,CUST00005283,Business Loan,4878590.59,7.93,21,249571.76,Active,2012-07-22,2026-08-03 12:15:32.581439,,Loan Management System
LN00002747,CUST00005065,Business Loan,11723985.93,13.96,51,306076.98,Closed,2016-03-17,2026-08-03 12:15:32.581439,,Loan Management System
LN00002748,CUST00005305,Home Loan,1533529.17,7.74,200,13669.77,Closed,2016-01-08,2026-08-03 12:15:32.582444,,Loan Management System
LN00002749,CUST00005416,Car Loan,2874281.87,15.47,43,87493.1,Written Off,2012-04-20,2026-08-03 12:15:32.582444,,Loan Management System
LN00002750,CUST00005752,Business Loan,16888775.09,14.06,89,306608.07,Active,2014-04-18,2026-08-03 12:15:32.582444,,Loan Management System
