repayment_id,loan_id,payment_date,amount_paid,payment_mode,created_at,updated_at,source_system
RP00038501,LN00002763,2013-04-12,42516.64,MOBILE BANKING,2026-08-03 12:23:34.047845,,Loan Management System
RP00038502,LN00002763,2013-05-12,49514.62,MOBILE BANKING,2026-08-03 12:23:34.047845,,Loan Management System
RP00038503,LN00002763,2013-06-12,49514.62,RTGS,2026-08-03 12:23:34.047845,,Loan Management System
RP00038504,LN00002763,2013-07-12,51161.26,AUTO DEBIT,2026-08-03 12:23:34.047845,,Loan Management System
RP00038505,LN00002763,2013-08-12,29948.41,RTGS,2026-08-03 12:23:34.047845,,Loan Management System
RP00038506,LN00002763,2013-09-12,49514.62,UPI,2026-08-03 12:23:34.047845,,Loan Management System
RP00038507,LN00002763,2013-10-12,49514.62,NEFT,2026-08-03 12:23:34.047845,,Loan Management System
RP00038508,LN00002763,2013-11-12,49514.62,CASH,2026-08-03 12:23:34.047845,,Loan Management System
RP00038509,LN00002763,2013-12-12,49514.62,RTGS,2026-08-03 12:23:34.047845,,Loan Management System
RP00038510,LN00002763,2014-01-12,49514.62,AUTO DEBIT,2026-08-03 12:23:34.047845,,Loan Management System
RP00038511,LN00002763,2014-02-12,49514.62,AUTO DEBIT,2026-08-03 12:23:34.047845,,Loan Management System
RP00038512,LN00002763,2014-03-12,49514.62,MOBILE BANKING,2026-08-03 12:23:34.047845,,Loan Management System
RP00038513,LN00002763,2014-04-12,49514.62,CASH,2026-08-03 12:23:34.047845,,Loan Management System
RP00038514,LN00002763,2014-05-12,49514.62,AUTO DEBIT,2026-08-03 12:23:34.047845,,Loan Management System
RP00038515,LN00002763,2014-06-12,26471.88,IMPS,2026-08-03 12:23:34.047845,,Loan Management System
RP00038516,LN00002763,2014-07-12,49514.62,RTGS,2026-08-03 12:23:34.047845,,Loan Management System
RP00038517,LN00002763,2014-08-12,49514.62,CASH,2026-08-03 12:23:34.047845,,Loan Management System
RP00038518,LN00002763,2014-09-12,49514.62,UPI,2026-08-03 12:23:34.047845,,Loan Management System
RP00038519,LN00002763,2014-10-12,49514.62,NEFT,2026-08-03 12:23:34.047845,,Loan Management System
RP00038520,LN00002763,2014-11-12,49514.62,RTGS,2026-08-03 12:23:34.047845,,Loan Management System
RP00038521,LN00002767,2017-05-29,90027.58,RTGS,2026-08-03 12:23:34.047845,,Loan Management System
RP00038522,LN00002767,2017-06-29,90027.58,AUTO DEBIT,2026-08-03 12:23:34.047845,,Loan Management System
RP00038523,LN00002767,2017-07-29,93600.24,RTGS,2026-08-03 12:23:34.047845,,Loan Management System
RP00038524,LN00002767,2017-08-29,90027.58,CASH,2026-08-03 12:23:34.047845,,Loan Management System
RP00038525,LN00002767,2017-09-29,90027.58,NET BANKING,2026-08-03 12:23:34.047845,,Loan Management System
RP00038526,LN00002767,2017-10-29,90027.58,IMPS,2026-08-03 12:23:34.047845,,Loan Management System
RP00038527,LN00002767,2017-11-29,90027.58,AUTO DEBIT,2026-08-03 12:23:34.047845,,Loan Management System
RP00038528,LN00002767,2017-12-29,90027.58,RTGS,2026-08-03 12:23:34.047845,,Loan Management System
RP00038529,LN00002767,2018-01-29,90027.58,UPI,2026-08-03 12:23:34.047845,,Loan Management System
RP00038530,LN00002767,2018-02-28,92738.27,RTGS,2026-08-03 12:23:34.047845,,Loan Management System
RP00038531,LN00002767,2018-03-29,90027.58,UPI,2026-08-03 12:23:34.047845,,Loan Management System
RP00038532,LN00002767,2018-04-29,90027.58,NEFT,2026-08-03 12:23:34.047845,,Loan Management System
RP00038533,LN00002767,2018-05-29,90027.58,CASH,2026-08-03 12:23:34.047845,,Loan Management System
RP00038534,LN00002767,2018-06-29,91335.87,UPI,2026-08-03 12:23:34.047845,,Loan Management System
RP00038535,LN00002767,2018-07-29,90027.58,MOBILE BANKING,2026-08-03 12:23:34.047845,,Loan Management System
RP00038536,LN00002767,2018-08-29,90027.58,UPI,2026-08-03 12:23:34.047845,,Loan Management System
RP00038537,LN00002767,2018-09-29,69677.33,UPI,2026-08-03 12:23:34.047845,,Loan Management System
RP00038538,LN00002767,2018-10-29,90027.58,UPI,2026-08-03 12:23:34.047845,,Loan Management System
RP00038539,LN00002767,2018-11-29,90027.58,UPI,2026-08-03 12:23:34.047845,,Loan Management System
RP00038540,LN00002767,2018-12-29,90027.58,NEFT,2026-08-03 12:23:34.047845,,Loan Management System
RP00038541,LN00002767,2019-01-29,90027.58,NEFT,2026-08-03 12:23:34.047845,,Loan Management System
RP00038542,LN00002767,2019-02-28,83432.14,CASH,2026-08-03 12:23:34.047845,,Loan Management System
RP00038543,LN00002767,2019-03-29,90027.58,CHEQUE,2026-08-03 12:23:34.047845,,Loan Management System
RP00038544,LN00002767,2019-04-29,92373.13,MOBILE BANKING,2026-08-03 12:23:34.047845,,Loan Management System
RP00038545,LN00002767,2019-05-29,90027.58,MOBILE BANKING,2026-08-03 12:23:34.047845,,Loan Management System
RP00038546,LN00002767,2019-06-29,90027.58,CASH,2026-08-03 12:23:34.047845,,Loan Management System
RP00038547,LN00002767,2019-07-29,90027.58,UPI,2026-08-03 12:23:34.047845,,Loan Management System
RP00038548,LN00002767,2019-08-29,91040.05,CASH,2026-08-03 12:23:34.047845,,Loan Management System
RP00038549,LN00002767,2019-09-29,90027.58,CASH,2026-08-03 12:23:34.047845,,Loan Management System
RP00038550,LN00002767,2019-10-29,90027.58,NET BANKING,2026-08-03 12:23:34.047845,,Loan Management System
RP00038551,LN00002767,2019-11-29,90027.58,NET BANKING,2026-08-03 12:23:34.047845,,Loan Management System
RP00038552,LN00002767,2019-12-29,90027.58,IMPS,2026-08-03 12:23:34.047845,,Loan Management System
RP00038553,LN00002767,2020-01-29,90027.58,IMPS,2026-08-03 12:23:34.047845,,Loan Management System
RP00038554,LN00002767,2020-02-29,90027.58,IMPS,2026-08-03 12:23:34.047845,,Loan Management System
RP00038555,LN00002767,2020-03-29,90027.58,NET BANKING,2026-08-03 12:23:34.047845,,Loan Management System
RP00038556,LN00002767,2020-04-29,90027.58,MOBILE BANKING,2026-08-03 12:23:34.047845,,Loan Management System
RP00038557,LN00002767,2020-05-29,76875.03,AUTO DEBIT,2026-08-03 12:23:34.047845,,Loan Management System
RP00038558,LN00002767,2020-06-29,90027.58,NET BANKING,2026-08-03 12:23:34.047845,,Loan Management System
RP00038559,LN00002767,2020-07-29,90027.58,CHEQUE,2026-08-03 12:23:34.047845,,Loan Management System
RP00038560,LN00002767,2020-08-29,90027.58,CASH,2026-08-03 12:23:34.047845,,Loan Management System
RP00038561,LN00002767,2020-09-29,90027.58,CASH,2026-08-03 12:23:34.047845,,Loan Management System
RP00038562,LN00002767,2020-10-29,90027.58,NEFT,2026-08-03 12:23:34.047845,,Loan Management System
RP00038563,LN00002767,2020-11-29,90027.58,CHEQUE,2026-08-03 12:23:34.047845,,Loan Management System
RP00038564,LN00002767,2020-12-29,90027.58,RTGS,2026-08-03 12:23:34.047845,,Loan Management System
RP00038565,LN00002767,2021-01-29,74560.83,NET BANKING,2026-08-03 12:23:34.047845,,Loan Management System
RP00038566,LN00002767,2021-02-28,90027.58,CHEQUE,2026-08-03 12:23:34.047845,,Loan Management System
RP00038567,LN00002767,2021-03-29,90027.58,MOBILE BANKING,2026-08-03 12:23:34.047845,,Loan Management System
RP00038568,LN00002767,2021-04-29,83342.77,UPI,2026-08-03 12:23:34.047845,,Loan Management System
RP00038569,LN00002767,2021-05-29,90027.58,NET BANKING,2026-08-03 12:23:34.047845,,Loan Management System
RP00038570,LN00002767,2021-06-29,90027.58,IMPS,2026-08-03 12:23:34.047845,,Loan Management System
RP00038571,LN00002767,2021-07-29,90027.58,CHEQUE,2026-08-03 12:23:34.047845,,Loan Management System
RP00038572,LN00002767,2021-08-29,90027.58,UPI,2026-08-03 12:23:34.047845,,Loan Management System
RP00038573,LN00002767,2021-09-29,90027.58,NET BANKING,2026-08-03 12:23:34.047845,,Loan Management System
RP00038574,LN00002767,2021-10-29,66122.79,UPI,2026-08-03 12:23:34.047845,,Loan Management System
RP00038575,LN00002767,2021-11-29,90027.58,RTGS,2026-08-03 12:23:34.047845,,Loan Management System
RP00038576,LN00002767,2021-12-29,90027.58,MOBILE BANKING,2026-08-03 12:23:34.047845,,Loan Management System
RP00038577,LN00002767,2022-01-29,48034.43,CHEQUE,2026-08-03 12:23:34.047845,,Loan Management System
RP00038578,LN00002767,2022-02-28,90027.58,RTGS,2026-08-03 12:23:34.047845,,Loan Management System
RP00038579,LN00002767,2022-03-29,83290.53,CASH,2026-08-03 12:23:34.047845,,Loan Management System
RP00038580,LN00002767,2022-04-29,93753.27,CASH,2026-08-03 12:23:34.047845,,Loan Management System
RP00038581,LN00002767,2022-05-29,90027.58,CASH,2026-08-03 12:23:34.047845,,Loan Management System
RP00038582,LN00002767,2022-06-29,90027.58,MOBILE BANKING,2026-08-03 12:23:34.047845,,Loan Management System
RP00038583,LN00002767,2022-07-29,90027.58,NEFT,2026-08-03 12:23:34.047845,,Loan Management System
RP00038584,LN00002767,2022-08-29,90027.58,IMPS,2026-08-03 12:23:34.047845,,Loan Management System
RP00038585,LN00002767,2022-09-29,64183.61,CASH,2026-08-03 12:23:34.047845,,Loan Management System
RP00038586,LN00002767,2022-10-29,55914.32,AUTO DEBIT,2026-08-03 12:23:34.047845,,Loan Management System
RP00038587,LN00002767,2022-11-29,90027.58,CHEQUE,2026-08-03 12:23:34.047845,,Loan Management System
RP00038588,LN00002767,2022-12-29,90027.58,CASH,2026-08-03 12:23:34.047845,,Loan Management System
RP00038589,LN00002767,2023-01-29,90027.58,IMPS,2026-08-03 12:23:34.047845,,Loan Management System
RP00038590,LN00002767,2023-02-28,90027.58,AUTO DEBIT,2026-08-03 12:23:34.047845,,Loan Management System
RP00038591,LN00002767,2023-03-29,90027.58,CHEQUE,2026-08-03 12:23:34.047845,,Loan Management System
RP00038592,LN00002767,2023-04-29,93513.69,UPI,2026-08-03 12:23:34.047845,,Loan Management System
RP00038593,LN00002767,2023-05-29,90027.58,CASH,2026-08-03 12:23:34.047845,,Loan Management System
RP00038594,LN00002767,2023-06-29,90027.58,CHEQUE,2026-08-03 12:23:34.047845,,Loan Management System
RP00038595,LN00002767,2023-07-29,90027.58,RTGS,2026-08-03 12:23:34.047845,,Loan Management System
RP00038596,LN00002767,2023-08-29,90027.58,CASH,2026-08-03 12:23:34.047845,,Loan Management System
RP00038597,LN00002767,2023-09-29,90027.58,AUTO DEBIT,2026-08-03 12:23:34.047845,,Loan Management System
RP00038598,LN00002767,2023-10-29,90027.58,IMPS,2026-08-03 12:23:34.047845,,Loan Management System
RP00038599,LN00002767,2023-11-29,90027.58,RTGS,2026-08-03 12:23:34.047845,,Loan Management System
RP00038600,LN00002767,2023-12-29,90027.58,AUTO DEBIT,2026-08-03 12:23:34.047845,,Loan Management System
RP00038601,LN00002767,2024-01-29,90027.58,RTGS,2026-08-03 12:23:34.047845,,Loan Management System
RP00038602,LN00002767,2024-02-29,90027.58,NET BANKING,2026-08-03 12:23:34.047845,,Loan Management System
RP00038603,LN00002767,2024-03-29,92633.12,AUTO DEBIT,2026-08-03 12:23:34.047845,,Loan Management System
RP00038604,LN00002767,2024-04-29,90027.58,NET BANKING,2026-08-03 12:23:34.047845,,Loan Management System
RP00038605,LN00002767,2024-05-29,90027.58,CASH,2026-08-03 12:23:34.047845,,Loan Management System
RP00038606,LN00002767,2024-06-29,90027.58,CHEQUE,2026-08-03 12:23:34.047845,,Loan Management System
RP00038607,LN00002767,2024-07-29,90027.58,AUTO DEBIT,2026-08-03 12:23:34.047845,,Loan Management System
RP00038608,LN00002767,2024-08-29,90027.58,IMPS,2026-08-03 12:23:34.047845,,Loan Management System
RP00038609,LN00002767,2024-09-29,58388.47,NET BANKING,2026-08-03 12:23:34.047845,,Loan Management System
RP00038610,LN00002767,2024-10-29,90027.58,AUTO DEBIT,2026-08-03 12:23:34.047845,,Loan Management System
RP00038611,LN00002767,2024-11-29,90027.58,IMPS,2026-08-03 12:23:34.047845,,Loan Management System
RP00038612,LN00002767,2024-12-29,90027.58,MOBILE BANKING,2026-08-03 12:23:34.047845,,Loan Management System
RP00038613,LN00002767,2025-01-29,90027.58,MOBILE BANKING,2026-08-03 12:23:34.047845,,Loan Management System
RP00038614,LN00002767,2025-02-28,90027.58,MOBILE BANKING,2026-08-03 12:23:34.047845,,Loan Management System
RP00038615,LN00002767,2025-03-29,90027.58,MOBILE BANKING,2026-08-03 12:23:34.047845,,Loan Management System
RP00038616,LN00002767,2025-04-29,90027.58,MOBILE BANKING,2026-08-03 12:23:34.047845,,Loan Management System
RP00038617,LN00002767,2025-05-29,90027.58,UPI,2026-08-03 12:23:34.047845,,Loan Management System
RP00038618,LN00002767,2025-06-29,90027.58,NET BANKING,2026-08-03 12:23:34.049354,,Loan Management System
RP00038619,LN00002767,2025-07-29,90027.58,CASH,2026-08-03 12:23:34.049354,,Loan Management System
RP00038620,LN00002767,2025-08-29,90027.58,MOBILE BANKING,2026-08-03 12:23:34.049354,,Loan Management System
RP00038621,LN00002767,2025-09-29,90027.58,CHEQUE,2026-08-03 12:23:34.049354,,Loan Management System
RP00038622,LN00002767,2025-10-29,90027.58,CASH,2026-08-03 12:23:34.049354,,Loan Management System
RP00038623,LN00002767,2025-11-29,90027.58,IMPS,2026-08-03 12:23:34.049354,,Loan Management System
RP00038624,LN00002767,2025-12-29,90027.58,NET BANKING,2026-08-03 12:23:34.049354,,Loan Management System
RP00038625,LN00002767,2026-01-29,90027.58,IMPS,2026-08-03 12:23:34.049354,,Loan Management System
RP00038626,LN00002767,2026-02-28,90027.58,NET BANKING,2026-08-03 12:23:34.049354,,Loan Management System
RP00038627,LN00002767,2026-03-29,90027.58,UPI,2026-08-03 12:23:34.049354,,Loan Management System
RP00038628,LN00002767,2026-04-29,90027.58,RTGS,2026-08-03 12:23:34.049354,,Loan Management System
RP00038629,LN00002767,2026-05-29,90027.58,AUTO DEBIT,2026-08-03 12:23:34.049354,,Loan Management System
RP00038630,LN00002767,2026-06-29,90027.58,RTGS,2026-08-03 12:23:34.049354,,Loan Management System
RP00038631,LN00002767,2026-07-29,90027.58,IMPS,2026-08-03 12:23:34.049354,,Loan Management System
RP00038632,LN00002755,2022-10-12,32993.09,AUTO DEBIT,2026-08-03 12:23:34.049472,,Loan Management System
RP00038633,LN00002755,2022-11-12,31424.49,RTGS,2026-08-03 12:23:34.049472,,Loan Management System
RP00038634,LN00002755,2022-12-12,20778.39,CASH,2026-08-03 12:23:34.049472,,Loan Management System
RP00038635,LN00002755,2023-01-12,31424.49,CHEQUE,2026-08-03 12:23:34.049472,,Loan Management System
RP00038636,LN00002755,2023-02-12,31424.49,UPI,2026-08-03 12:23:34.049472,,Loan Management System
RP00038637,LN00002755,2023-03-12,31424.49,CHEQUE,2026-08-03 12:23:34.049472,,Loan Management System
RP00038638,LN00002755,2023-04-12,31424.49,CHEQUE,2026-08-03 12:23:34.049472,,Loan Management System
RP00038639,LN00002755,2023-05-12,31424.49,CASH,2026-08-03 12:23:34.049472,,Loan Management System
RP00038640,LN00002755,2023-06-12,31424.49,AUTO DEBIT,2026-08-03 12:23:34.049472,,Loan Management System
RP00038641,LN00002755,2023-07-12,31424.49,MOBILE BANKING,2026-08-03 12:23:34.049472,,Loan Management System
RP00038642,LN00002755,2023-08-12,27294.38,RTGS,2026-08-03 12:23:34.049472,,Loan Management System
RP00038643,LN00002755,2023-09-12,31424.49,CASH,2026-08-03 12:23:34.049472,,Loan Management System
RP00038644,LN00002755,2023-10-12,31424.49,NEFT,2026-08-03 12:23:34.049472,,Loan Management System
RP00038645,LN00002755,2023-11-12,31424.49,NET BANKING,2026-08-03 12:23:34.049472,,Loan Management System
RP00038646,LN00002755,2023-12-12,31424.49,NET BANKING,2026-08-03 12:23:34.049472,,Loan Management System
RP00038647,LN00002755,2024-01-12,31424.49,UPI,2026-08-03 12:23:34.049472,,Loan Management System
RP00038648,LN00002755,2024-02-12,31424.49,MOBILE BANKING,2026-08-03 12:23:34.049472,,Loan Management System
RP00038649,LN00002755,2024-03-12,31424.49,IMPS,2026-08-03 12:23:34.049472,,Loan Management System
RP00038650,LN00002755,2024-04-12,31424.49,CASH,2026-08-03 12:23:34.049472,,Loan Management System
RP00038651,LN00002755,2024-05-12,31424.49,CHEQUE,2026-08-03 12:23:34.049472,,Loan Management System
RP00038652,LN00002755,2024-06-12,31424.49,NEFT,2026-08-03 12:23:34.049472,,Loan Management System
RP00038653,LN00002755,2024-07-12,24432.33,CHEQUE,2026-08-03 12:23:34.049472,,Loan Management System
RP00038654,LN00002755,2024-08-12,31424.49,CHEQUE,2026-08-03 12:23:34.049472,,Loan Management System
RP00038655,LN00002755,2024-09-12,17821.52,CASH,2026-08-03 12:23:34.049472,,Loan Management System
RP00038656,LN00002755,2024-10-12,31424.49,UPI,2026-08-03 12:23:34.049472,,Loan Management System
RP00038657,LN00002755,2024-11-12,31424.49,IMPS,2026-08-03 12:23:34.049472,,Loan Management System
RP00038658,LN00002755,2024-12-12,31424.49,UPI,2026-08-03 12:23:34.049472,,Loan Management System
RP00038659,LN00002755,2025-01-12,16266.83,NEFT,2026-08-03 12:23:34.049472,,Loan Management System
RP00038660,LN00002755,2025-02-12,31424.49,AUTO DEBIT,2026-08-03 12:23:34.049472,,Loan Management System
RP00038661,LN00002755,2025-03-12,31424.49,CASH,2026-08-03 12:23:34.049472,,Loan Management System
RP00038662,LN00002755,2025-04-12,31424.49,RTGS,2026-08-03 12:23:34.049472,,Loan Management System
RP00038663,LN00002755,2025-05-12,31424.49,CASH,2026-08-03 12:23:34.049472,,Loan Management System
RP00038664,LN00002755,2025-06-12,31424.49,MOBILE BANKING,2026-08-03 12:23:34.049472,,Loan Management System
RP00038665,LN00002755,2025-07-12,31424.49,UPI,2026-08-03 12:23:34.049472,,Loan Management System
RP00038666,LN00002755,2025-08-12,32180.63,AUTO DEBIT,2026-08-03 12:23:34.049472,,Loan Management System
RP00038667,LN00002755,2025-09-12,16855.2,IMPS,2026-08-03 12:23:34.049472,,Loan Management System
RP00038668,LN00002755,2025-10-12,31424.49,IMPS,2026-08-03 12:23:34.049472,,Loan Management System
RP00038669,LN00002755,2025-11-12,31424.49,NET BANKING,2026-08-03 12:23:34.049472,,Loan Management System
RP00038670,LN00002755,2025-12-12,31424.49,UPI,2026-08-03 12:23:34.049472,,Loan Management System
RP00038671,LN00002755,2026-01-12,31424.49,NEFT,2026-08-03 12:23:34.049472,,Loan Management System
RP00038672,LN00002755,2026-02-12,31424.49,NEFT,2026-08-03 12:23:34.049472,,Loan Management System
RP00038673,LN00002755,2026-03-12,31424.49,CASH,2026-08-03 12:23:34.049472,,Loan Management System
RP00038674,LN00002755,2026-04-12,31424.49,NET BANKING,2026-08-03 12:23:34.049472,,Loan Management System
RP00038675,LN00002755,2026-05-12,32457.83,UPI,2026-08-03 12:23:34.049472,,Loan Management System
RP00038676,LN00002755,2026-06-12,31424.49,CASH,2026-08-03 12:23:34.049472,,Loan Management System
RP00038677,LN00002755,2026-07-12,31424.49,RTGS,2026-08-03 12:23:34.049472,,Loan Management System
RP00038678,LN00002765,2022-03-07,72701.07,NEFT,2026-08-03 12:23:34.049472,,Loan Management System
RP00038679,LN00002765,2022-04-07,92140.71,RTGS,2026-08-03 12:23:34.049472,,Loan Management System
RP00038680,LN00002765,2022-05-07,92140.71,NEFT,2026-08-03 12:23:34.049472,,Loan Management System
RP00038681,LN00002765,2022-06-07,92140.71,NET BANKING,2026-08-03 12:23:34.049472,,Loan Management System
RP00038682,LN00002765,2022-07-07,59652.74,IMPS,2026-08-03 12:23:34.049472,,Loan Management System
RP00038683,LN00002765,2022-08-07,92140.71,UPI,2026-08-03 12:23:34.049472,,Loan Management System
RP00038684,LN00002765,2022-09-07,92140.71,MOBILE BANKING,2026-08-03 12:23:34.049472,,Loan Management System
RP00038685,LN00002765,2022-10-07,92140.71,CASH,2026-08-03 12:23:34.049472,,Loan Management System
RP00038686,LN00002765,2022-11-07,94427.85,IMPS,2026-08-03 12:23:34.049472,,Loan Management System
RP00038687,LN00002765,2022-12-07,92140.71,NEFT,2026-08-03 12:23:34.049472,,Loan Management System
RP00038688,LN00002765,2023-01-07,92140.71,IMPS,2026-08-03 12:23:34.049472,,Loan Management System
RP00038689,LN00002765,2023-02-07,50750.52,NET BANKING,2026-08-03 12:23:34.049472,,Loan Management System
RP00038690,LN00002765,2023-03-07,93348.91,IMPS,2026-08-03 12:23:34.049472,,Loan Management System
RP00038691,LN00002765,2023-04-07,92140.71,CHEQUE,2026-08-03 12:23:34.049472,,Loan Management System
RP00038692,LN00002765,2023-05-07,92140.71,NET BANKING,2026-08-03 12:23:34.049472,,Loan Management System
RP00038693,LN00002765,2023-06-07,92140.71,NET BANKING,2026-08-03 12:23:34.049472,,Loan Management System
RP00038694,LN00002765,2023-07-07,92140.71,RTGS,2026-08-03 12:23:34.049472,,Loan Management System
RP00038695,LN00002765,2023-08-07,92140.71,UPI,2026-08-03 12:23:34.049472,,Loan Management System
RP00038696,LN00002765,2023-09-07,80243.35,AUTO DEBIT,2026-08-03 12:23:34.049472,,Loan Management System
RP00038697,LN00002765,2023-10-07,92140.71,NEFT,2026-08-03 12:23:34.049472,,Loan Management System
RP00038698,LN00002765,2023-11-07,92140.71,NET BANKING,2026-08-03 12:23:34.049472,,Loan Management System
RP00038699,LN00002765,2023-12-07,92140.71,MOBILE BANKING,2026-08-03 12:23:34.049472,,Loan Management System
RP00038700,LN00002765,2024-01-07,92140.71,UPI,2026-08-03 12:23:34.049472,,Loan Management System
RP00038701,LN00002765,2024-02-07,94360.19,RTGS,2026-08-03 12:23:34.049472,,Loan Management System
RP00038702,LN00002765,2024-03-07,92140.71,CHEQUE,2026-08-03 12:23:34.049472,,Loan Management System
RP00038703,LN00002765,2024-04-07,92140.71,CHEQUE,2026-08-03 12:23:34.049472,,Loan Management System
RP00038704,LN00002765,2024-05-07,96055.16,NEFT,2026-08-03 12:23:34.049472,,Loan Management System
RP00038705,LN00002765,2024-06-07,92140.71,AUTO DEBIT,2026-08-03 12:23:34.049472,,Loan Management System
RP00038706,LN00002766,2012-10-26,68649.84,MOBILE BANKING,2026-08-03 12:23:34.049472,,Loan Management System
RP00038707,LN00002766,2012-11-26,68649.84,MOBILE BANKING,2026-08-03 12:23:34.049472,,Loan Management System
RP00038708,LN00002766,2012-12-26,68649.84,NEFT,2026-08-03 12:23:34.049472,,Loan Management System
RP00038709,LN00002766,2013-01-26,68649.84,NEFT,2026-08-03 12:23:34.049472,,Loan Management System
RP00038710,LN00002766,2013-02-26,68649.84,CASH,2026-08-03 12:23:34.049472,,Loan Management System
RP00038711,LN00002766,2013-03-26,68649.84,CHEQUE,2026-08-03 12:23:34.049472,,Loan Management System
RP00038712,LN00002766,2013-04-26,68649.84,RTGS,2026-08-03 12:23:34.049472,,Loan Management System
RP00038713,LN00002766,2013-05-26,68649.84,NEFT,2026-08-03 12:23:34.049472,,Loan Management System
RP00038714,LN00002766,2013-06-26,57921.66,CASH,2026-08-03 12:23:34.049472,,Loan Management System
RP00038715,LN00002766,2013-07-26,68649.84,UPI,2026-08-03 12:23:34.049472,,Loan Management System
RP00038716,LN00002766,2013-08-26,68649.84,MOBILE BANKING,2026-08-03 12:23:34.049472,,Loan Management System
RP00038717,LN00002766,2013-09-26,68649.84,CHEQUE,2026-08-03 12:23:34.049472,,Loan Management System
RP00038718,LN00002766,2013-10-26,36081.69,MOBILE BANKING,2026-08-03 12:23:34.049472,,Loan Management System
RP00038719,LN00002766,2013-11-26,63803.87,CASH,2026-08-03 12:23:34.049472,,Loan Management System
RP00038720,LN00002766,2013-12-26,68649.84,CASH,2026-08-03 12:23:34.049472,,Loan Management System
RP00038721,LN00002766,2014-01-26,68649.84,NEFT,2026-08-03 12:23:34.049472,,Loan Management System
RP00038722,LN00002766,2014-02-26,68649.84,MOBILE BANKING,2026-08-03 12:23:34.049472,,Loan Management System
RP00038723,LN00002766,2014-03-26,68649.84,NET BANKING,2026-08-03 12:23:34.049472,,Loan Management System
RP00038724,LN00002766,2014-04-26,68649.84,CHEQUE,2026-08-03 12:23:34.049472,,Loan Management System
RP00038725,LN00002766,2014-05-26,43898.37,CASH,2026-08-03 12:23:34.049472,,Loan Management System
RP00038726,LN00002766,2014-06-26,68649.84,CASH,2026-08-03 12:23:34.049472,,Loan Management System
RP00038727,LN00002766,2014-07-26,61477.58,NET BANKING,2026-08-03 12:23:34.049472,,Loan Management System
RP00038728,LN00002766,2014-08-26,68649.84,CASH,2026-08-03 12:23:34.049472,,Loan Management System
RP00038729,LN00002766,2014-09-26,68649.84,NEFT,2026-08-03 12:23:34.049472,,Loan Management System
RP00038730,LN00002766,2014-10-26,68649.84,NET BANKING,2026-08-03 12:23:34.049472,,Loan Management System
RP00038731,LN00002766,2014-11-26,68649.84,NEFT,2026-08-03 12:23:34.049472,,Loan Management System
RP00038732,LN00002766,2014-12-26,68649.84,RTGS,2026-08-03 12:23:34.049472,,Loan Management System
RP00038733,LN00002766,2015-01-26,68649.84,NET BANKING,2026-08-03 12:23:34.049472,,Loan Management System
RP00038734,LN00002766,2015-02-26,68649.84,MOBILE BANKING,2026-08-03 12:23:34.049472,,Loan Management System
RP00038735,LN00002766,2015-03-26,68649.84,NEFT,2026-08-03 12:23:34.049472,,Loan Management System
RP00038736,LN00002766,2015-04-26,68649.84,CASH,2026-08-03 12:23:34.049472,,Loan Management System
RP00038737,LN00002766,2015-05-26,68649.84,UPI,2026-08-03 12:23:34.049472,,Loan Management System
RP00038738,LN00002766,2015-06-26,68649.84,MOBILE BANKING,2026-08-03 12:23:34.049472,,Loan Management System
RP00038739,LN00002766,2015-07-26,68649.84,CASH,2026-08-03 12:23:34.049472,,Loan Management System
RP00038740,LN00002766,2015-08-26,70706.66,RTGS,2026-08-03 12:23:34.049472,,Loan Management System
RP00038741,LN00002766,2015-09-26,68649.84,CASH,2026-08-03 12:23:34.049472,,Loan Management System
RP00038742,LN00002766,2015-10-26,68649.84,UPI,2026-08-03 12:23:34.049472,,Loan Management System
RP00038743,LN00002766,2015-11-26,68649.84,UPI,2026-08-03 12:23:34.049472,,Loan Management System
RP00038744,LN00002766,2015-12-26,68649.84,NEFT,2026-08-03 12:23:34.049472,,Loan Management System
RP00038745,LN00002766,2016-01-26,68649.84,CHEQUE,2026-08-03 12:23:34.049472,,Loan Management System
RP00038746,LN00002766,2016-02-26,68649.84,MOBILE BANKING,2026-08-03 12:23:34.049472,,Loan Management System
RP00038747,LN00002766,2016-03-26,68649.84,RTGS,2026-08-03 12:23:34.049472,,Loan Management System
RP00038748,LN00002766,2016-04-26,68649.84,IMPS,2026-08-03 12:23:34.049472,,Loan Management System
RP00038749,LN00002766,2016-05-26,68649.84,NET BANKING,2026-08-03 12:23:34.049472,,Loan Management System
RP00038750,LN00002766,2016-06-26,68649.84,NEFT,2026-08-03 12:23:34.049472,,Loan Management System
RP00038751,LN00002766,2016-07-26,68649.84,UPI,2026-08-03 12:23:34.049472,,Loan Management System
RP00038752,LN00002766,2016-08-26,68649.84,NET BANKING,2026-08-03 12:23:34.049472,,Loan Management System
RP00038753,LN00002766,2016-09-26,68649.84,UPI,2026-08-03 12:23:34.049472,,Loan Management System
RP00038754,LN00002766,2016-10-26,68649.84,CASH,2026-08-03 12:23:34.050361,,Loan Management System
RP00038755,LN00002766,2016-11-26,68649.84,MOBILE BANKING,2026-08-03 12:23:34.050361,,Loan Management System
RP00038756,LN00002766,2016-12-26,68649.84,CHEQUE,2026-08-03 12:23:34.050361,,Loan Management System
RP00038757,LN00002766,2017-01-26,52055.5,RTGS,2026-08-03 12:23:34.050361,,Loan Management System
RP00038758,LN00002766,2017-02-26,68649.84,AUTO DEBIT,2026-08-03 12:23:34.050361,,Loan Management System
RP00038759,LN00002766,2017-03-26,68649.84,NEFT,2026-08-03 12:23:34.050361,,Loan Management System
RP00038760,LN00002766,2017-04-26,68649.84,IMPS,2026-08-03 12:23:34.050361,,Loan Management System
RP00038761,LN00002766,2017-05-26,68649.84,IMPS,2026-08-03 12:23:34.050361,,Loan Management System
RP00038762,LN00002766,2017-06-26,68649.84,CHEQUE,2026-08-03 12:23:34.050361,,Loan Management System
RP00038763,LN00002766,2017-07-26,68649.84,NET BANKING,2026-08-03 12:23:34.050361,,Loan Management System
RP00038764,LN00002766,2017-08-26,70068.25,CHEQUE,2026-08-03 12:23:34.050361,,Loan Management System
RP00038765,LN00002766,2017-09-26,68649.84,IMPS,2026-08-03 12:23:34.050361,,Loan Management System
RP00038766,LN00002766,2017-10-26,68649.84,CHEQUE,2026-08-03 12:23:34.050361,,Loan Management System
RP00038767,LN00002766,2017-11-26,68649.84,NEFT,2026-08-03 12:23:34.050361,,Loan Management System
RP00038768,LN00002766,2017-12-26,68649.84,CHEQUE,2026-08-03 12:23:34.050361,,Loan Management System
RP00038769,LN00002766,2018-01-26,68649.84,NEFT,2026-08-03 12:23:34.050361,,Loan Management System
RP00038770,LN00002766,2018-02-26,68649.84,AUTO DEBIT,2026-08-03 12:23:34.050361,,Loan Management System
RP00038771,LN00002766,2018-03-26,68649.84,MOBILE BANKING,2026-08-03 12:23:34.050361,,Loan Management System
RP00038772,LN00002766,2018-04-26,43090.69,RTGS,2026-08-03 12:23:34.050361,,Loan Management System
RP00038773,LN00002766,2018-05-26,68649.84,NEFT,2026-08-03 12:23:34.050361,,Loan Management System
RP00038774,LN00002766,2018-06-26,68649.84,AUTO DEBIT,2026-08-03 12:23:34.050361,,Loan Management System
RP00038775,LN00002766,2018-07-26,68649.84,CASH,2026-08-03 12:23:34.050361,,Loan Management System
RP00038776,LN00002766,2018-08-26,71385.16,AUTO DEBIT,2026-08-03 12:23:34.050361,,Loan Management System
RP00038777,LN00002766,2018-09-26,68649.84,CHEQUE,2026-08-03 12:23:34.050361,,Loan Management System
RP00038778,LN00002766,2018-10-26,68649.84,NET BANKING,2026-08-03 12:23:34.050361,,Loan Management System
RP00038779,LN00002766,2018-11-26,68649.84,CASH,2026-08-03 12:23:34.050361,,Loan Management System
RP00038780,LN00002766,2018-12-26,68649.84,RTGS,2026-08-03 12:23:34.050361,,Loan Management System
RP00038781,LN00002766,2019-01-26,36894.38,CHEQUE,2026-08-03 12:23:34.050361,,Loan Management System
RP00038782,LN00002766,2019-02-26,68649.84,RTGS,2026-08-03 12:23:34.050361,,Loan Management System
RP00038783,LN00002766,2019-03-26,68649.84,NEFT,2026-08-03 12:23:34.050361,,Loan Management System
RP00038784,LN00002766,2019-04-26,68649.84,NEFT,2026-08-03 12:23:34.050361,,Loan Management System
RP00038785,LN00002766,2019-05-26,68649.84,UPI,2026-08-03 12:23:34.050361,,Loan Management System
RP00038786,LN00002766,2019-06-26,68649.84,CASH,2026-08-03 12:23:34.050361,,Loan Management System
RP00038787,LN00002766,2019-07-26,71952.95,CHEQUE,2026-08-03 12:23:34.050361,,Loan Management System
RP00038788,LN00002766,2019-08-26,68649.84,NEFT,2026-08-03 12:23:34.050361,,Loan Management System
RP00038789,LN00002766,2019-09-26,68649.84,CASH,2026-08-03 12:23:34.050361,,Loan Management System
RP00038790,LN00002766,2019-10-26,68649.84,CASH,2026-08-03 12:23:34.050361,,Loan Management System
RP00038791,LN00002766,2019-11-26,68649.84,CASH,2026-08-03 12:23:34.050361,,Loan Management System
RP00038792,LN00002766,2019-12-26,68649.84,RTGS,2026-08-03 12:23:34.050361,,Loan Management System
RP00038793,LN00002766,2020-01-26,68649.84,UPI,2026-08-03 12:23:34.050361,,Loan Management System
RP00038794,LN00002766,2020-02-26,70536.66,AUTO DEBIT,2026-08-03 12:23:34.050361,,Loan Management System
RP00038795,LN00002766,2020-03-26,68649.84,AUTO DEBIT,2026-08-03 12:23:34.050361,,Loan Management System
RP00038796,LN00002766,2020-04-26,68649.84,AUTO DEBIT,2026-08-03 12:23:34.050361,,Loan Management System
RP00038797,LN00002766,2020-05-26,68649.84,UPI,2026-08-03 12:23:34.050361,,Loan Management System
RP00038798,LN00002766,2020-06-26,68649.84,NET BANKING,2026-08-03 12:23:34.050361,,Loan Management System
RP00038799,LN00002766,2020-07-26,68649.84,MOBILE BANKING,2026-08-03 12:23:34.050361,,Loan Management System
RP00038800,LN00002766,2020-08-26,68649.84,IMPS,2026-08-03 12:23:34.050361,,Loan Management System
RP00038801,LN00002766,2020-09-26,68649.84,UPI,2026-08-03 12:23:34.050361,,Loan Management System
RP00038802,LN00002766,2020-10-26,68649.84,MOBILE BANKING,2026-08-03 12:23:34.050361,,Loan Management System
RP00038803,LN00002766,2020-11-26,68649.84,CHEQUE,2026-08-03 12:23:34.050361,,Loan Management System
RP00038804,LN00002766,2020-12-26,68649.84,AUTO DEBIT,2026-08-03 12:23:34.050361,,Loan Management System
RP00038805,LN00002766,2021-01-26,41116.68,IMPS,2026-08-03 12:23:34.050361,,Loan Management System
RP00038806,LN00002766,2021-02-26,68649.84,CHEQUE,2026-08-03 12:23:34.050361,,Loan Management System
RP00038807,LN00002766,2021-03-26,72073.23,UPI,2026-08-03 12:23:34.050361,,Loan Management System
RP00038808,LN00002766,2021-04-26,68649.84,IMPS,2026-08-03 12:23:34.050361,,Loan Management System
RP00038809,LN00002766,2021-05-26,68649.84,RTGS,2026-08-03 12:23:34.050361,,Loan Management System
RP00038810,LN00002766,2021-06-26,68649.84,NET BANKING,2026-08-03 12:23:34.050361,,Loan Management System
RP00038811,LN00002766,2021-07-26,68649.84,CHEQUE,2026-08-03 12:23:34.050361,,Loan Management System
RP00038812,LN00002766,2021-08-26,68649.84,RTGS,2026-08-03 12:23:34.050361,,Loan Management System
RP00038813,LN00002766,2021-09-26,68649.84,NEFT,2026-08-03 12:23:34.050361,,Loan Management System
RP00038814,LN00002766,2021-10-26,34555.71,NEFT,2026-08-03 12:23:34.050361,,Loan Management System
RP00038815,LN00002766,2021-11-26,68649.84,CASH,2026-08-03 12:23:34.050361,,Loan Management System
RP00038816,LN00002766,2021-12-26,68649.84,IMPS,2026-08-03 12:23:34.050361,,Loan Management System
RP00038817,LN00002766,2022-01-26,68649.84,CASH,2026-08-03 12:23:34.050361,,Loan Management System
RP00038818,LN00002766,2022-02-26,68649.84,AUTO DEBIT,2026-08-03 12:23:34.050361,,Loan Management System
RP00038819,LN00002766,2022-03-26,70241.34,MOBILE BANKING,2026-08-03 12:23:34.050361,,Loan Management System
RP00038820,LN00002766,2022-04-26,71844.99,AUTO DEBIT,2026-08-03 12:23:34.050361,,Loan Management System
RP00038821,LN00002766,2022-05-26,43803.13,UPI,2026-08-03 12:23:34.050361,,Loan Management System
RP00038822,LN00002766,2022-06-26,68649.84,RTGS,2026-08-03 12:23:34.050361,,Loan Management System
RP00038823,LN00002766,2022-07-26,68649.84,RTGS,2026-08-03 12:23:34.050361,,Loan Management System
RP00038824,LN00002766,2022-08-26,68649.84,CASH,2026-08-03 12:23:34.050361,,Loan Management System
RP00038825,LN00002766,2022-09-26,68649.84,UPI,2026-08-03 12:23:34.050361,,Loan Management System
RP00038826,LN00002766,2022-10-26,68649.84,IMPS,2026-08-03 12:23:34.050361,,Loan Management System
RP00038827,LN00002766,2022-11-26,68649.84,NEFT,2026-08-03 12:23:34.050361,,Loan Management System
RP00038828,LN00002766,2022-12-26,68649.84,UPI,2026-08-03 12:23:34.050361,,Loan Management System
RP00038829,LN00002766,2023-01-26,68649.84,AUTO DEBIT,2026-08-03 12:23:34.050361,,Loan Management System
RP00038830,LN00002766,2023-02-26,68649.84,AUTO DEBIT,2026-08-03 12:23:34.050361,,Loan Management System
RP00038831,LN00002766,2023-03-26,68649.84,MOBILE BANKING,2026-08-03 12:23:34.050361,,Loan Management System
RP00038832,LN00002766,2023-04-26,68649.84,IMPS,2026-08-03 12:23:34.050361,,Loan Management System
RP00038833,LN00002766,2023-05-26,35553.33,UPI,2026-08-03 12:23:34.050361,,Loan Management System
RP00038834,LN00002766,2023-06-26,68649.84,IMPS,2026-08-03 12:23:34.050361,,Loan Management System
RP00038835,LN00002766,2023-07-26,68649.84,IMPS,2026-08-03 12:23:34.050361,,Loan Management System
RP00038836,LN00002766,2023-08-26,68649.84,CHEQUE,2026-08-03 12:23:34.050361,,Loan Management System
RP00038837,LN00002766,2023-09-26,68649.84,RTGS,2026-08-03 12:23:34.050361,,Loan Management System
RP00038838,LN00002766,2023-10-26,55578.48,NEFT,2026-08-03 12:23:34.050361,,Loan Management System
RP00038839,LN00002766,2023-11-26,70553.71,UPI,2026-08-03 12:23:34.050361,,Loan Management System
RP00038840,LN00002766,2023-12-26,68649.84,MOBILE BANKING,2026-08-03 12:23:34.050361,,Loan Management System
RP00038841,LN00002766,2024-01-26,68649.84,MOBILE BANKING,2026-08-03 12:23:34.050361,,Loan Management System
RP00038842,LN00002766,2024-02-26,68649.84,RTGS,2026-08-03 12:23:34.050361,,Loan Management System
RP00038843,LN00002766,2024-03-26,68649.84,RTGS,2026-08-03 12:23:34.050361,,Loan Management System
RP00038844,LN00002766,2024-04-26,68649.84,AUTO DEBIT,2026-08-03 12:23:34.050361,,Loan Management System
RP00038845,LN00002766,2024-05-26,68649.84,IMPS,2026-08-03 12:23:34.050361,,Loan Management System
RP00038846,LN00002766,2024-06-26,68649.84,IMPS,2026-08-03 12:23:34.050361,,Loan Management System
RP00038847,LN00002766,2024-07-26,68649.84,NEFT,2026-08-03 12:23:34.050361,,Loan Management System
RP00038848,LN00002766,2024-08-26,68649.84,IMPS,2026-08-03 12:23:34.050361,,Loan Management System
RP00038849,LN00002766,2024-09-26,68649.84,MOBILE BANKING,2026-08-03 12:23:34.050361,,Loan Management System
RP00038850,LN00002766,2024-10-26,68649.84,MOBILE BANKING,2026-08-03 12:23:34.050361,,Loan Management System
